1,two-sum,ac,1,False,两数之和,数组;哈希表,41437416,java
2,add-two-numbers,,2,False,两数相加,链表;数学,,
3,longest-substring-without-repeating-characters,,2,False,无重复字符的最长子串,哈希表;双指针;字符串,,
4,median-of-two-sorted-arrays,,3,False,寻找两个正序数组的中位数,数组;二分查找;分治算法,,
5,longest-palindromic-substring,,2,False,最长回文子串,字符串;动态规划,,
6,zigzag-conversion,,2,False,Z 字形变换,字符串,,
7,reverse-integer,ac,1,False,整数反转,数学,42086727,cpp
8,string-to-integer-atoi,ac,2,False,字符串转换整数 (atoi),数学;字符串,59600454,python3
9,palindrome-number,,1,False,回文数,数学,,
10,regular-expression-matching,,3,False,正则表达式匹配,字符串;动态规划;回溯算法,,
11,container-with-most-water,,2,False,盛最多水的容器,数组;双指针,,
12,integer-to-roman,,2,False,整数转罗马数字,数学;字符串,,
13,roman-to-integer,,1,False,罗马数字转整数,数学;字符串,,
14,longest-common-prefix,,1,False,最长公共前缀,字符串,,
15,3sum,,2,False,三数之和,数组;双指针,,
16,3sum-closest,,2,False,最接近的三数之和,数组;双指针,,
17,letter-combinations-of-a-phone-number,,2,False,电话号码的字母组合,字符串;回溯算法,,
18,4sum,,2,False,四数之和,数组;哈希表;双指针,,
19,remove-nth-node-from-end-of-list,,2,False,删除链表的倒数第N个节点,链表;双指针,,
20,valid-parentheses,ac,1,False,有效的括号,栈;字符串,43644670,python
21,merge-two-sorted-lists,ac,1,False,合并两个有序链表,链表,43883322,cpp
22,generate-parentheses,,2,False,括号生成,字符串;回溯算法,,
23,merge-k-sorted-lists,ac,3,False,合并K个排序链表,堆;链表;分治算法,59619713,python3
24,swap-nodes-in-pairs,,2,False,两两交换链表中的节点,链表,,
25,reverse-nodes-in-k-group,,3,False,K 个一组翻转链表,链表,,
26,remove-duplicates-from-sorted-array,,1,False,删除排序数组中的重复项,数组;双指针,,
27,remove-element,,1,False,移除元素,数组;双指针,,
28,implement-strstr,,1,False,实现 strStr(),双指针;字符串,,
29,divide-two-integers,,2,False,两数相除,数学;二分查找,,
30,substring-with-concatenation-of-all-words,,3,False,串联所有单词的子串,哈希表;双指针;字符串,,
31,next-permutation,,2,False,下一个排列,数组,,
32,longest-valid-parentheses,,3,False,最长有效括号,字符串;动态规划,,
33,search-in-rotated-sorted-array,,2,False,搜索旋转排序数组,数组;二分查找,,
34,find-first-and-last-position-of-element-in-sorted-array,,2,False,在排序数组中查找元素的第一个和最后一个位置,数组;二分查找,,
35,search-insert-position,,1,False,搜索插入位置,数组;二分查找,,
36,valid-sudoku,,2,False,有效的数独,哈希表,,
37,sudoku-solver,,3,False,解数独,哈希表;回溯算法,,
38,count-and-say,,1,False,外观数列,字符串,,
39,combination-sum,,2,False,组合总和,数组;回溯算法,,
40,combination-sum-ii,,2,False,组合总和 II,数组;回溯算法,,
41,first-missing-positive,,3,False,缺失的第一个正数,数组,,
42,trapping-rain-water,ac,3,False,接雨水,栈;数组;双指针,59917281,java
43,multiply-strings,,2,False,字符串相乘,数学;字符串,,
44,wildcard-matching,,3,False,通配符匹配,贪心算法;字符串;动态规划;回溯算法,,
45,jump-game-ii,,3,False,跳跃游戏 II,贪心算法;数组,,
46,permutations,,2,False,全排列,回溯算法,,
47,permutations-ii,,2,False,全排列 II,回溯算法,,
48,rotate-image,,2,False,旋转图像,数组,,
49,group-anagrams,ac,2,False,字母异位词分组,哈希表;字符串,60299799,java
50,powx-n,,2,False,"Pow(x, n)",数学;二分查找,,
51,n-queens,,3,False,N皇后,回溯算法,,
52,n-queens-ii,,3,False,N皇后 II,回溯算法,,
53,maximum-subarray,ac,1,False,最大子序和,数组;分治算法;动态规划,48183026,java
54,spiral-matrix,,2,False,螺旋矩阵,数组,,
55,jump-game,,2,False,跳跃游戏,贪心算法;数组,,
56,merge-intervals,ac,2,False,合并区间,排序;数组,57559772,java
57,insert-interval,,3,False,插入区间,排序;数组,,
58,length-of-last-word,,1,False,最后一个单词的长度,字符串,,
59,spiral-matrix-ii,,2,False,螺旋矩阵 II,数组,,
60,permutation-sequence,,2,False,第k个排列,数学;回溯算法,,
61,rotate-list,ac,2,False,旋转链表,链表;双指针,43651904,cpp
62,unique-paths,,2,False,不同路径,数组;动态规划,,
63,unique-paths-ii,,2,False,不同路径 II,数组;动态规划,,
64,minimum-path-sum,,2,False,最小路径和,数组;动态规划,,
65,valid-number,,3,False,有效数字,数学;字符串,,
66,plus-one,,1,False,加一,数组,,
67,add-binary,,1,False,二进制求和,数学;字符串,,
68,text-justification,,3,False,文本左右对齐,字符串,,
69,sqrtx,,1,False,x 的平方根,数学;二分查找,,
70,climbing-stairs,,1,False,爬楼梯,动态规划,,
71,simplify-path,,2,False,简化路径,栈;字符串,,
72,edit-distance,,3,False,编辑距离,字符串;动态规划,,
73,set-matrix-zeroes,,2,False,矩阵置零,数组,,
74,search-a-2d-matrix,,2,False,搜索二维矩阵,数组;二分查找,,
75,sort-colors,,2,False,颜色分类,排序;数组;双指针,,
76,minimum-window-substring,,3,False,最小覆盖子串,哈希表;双指针;字符串,,
77,combinations,,2,False,组合,回溯算法,,
78,subsets,,2,False,子集,位运算;数组;回溯算法,,
79,word-search,,2,False,单词搜索,数组;回溯算法,,
80,remove-duplicates-from-sorted-array-ii,,2,False,删除排序数组中的重复项 II,数组;双指针,,
81,search-in-rotated-sorted-array-ii,,2,False,搜索旋转排序数组 II,数组;二分查找,,
82,remove-duplicates-from-sorted-list-ii,,2,False,删除排序链表中的重复元素 II,链表,,
83,remove-duplicates-from-sorted-list,,1,False,删除排序链表中的重复元素,链表,,
84,largest-rectangle-in-histogram,,3,False,柱状图中最大的矩形,栈;数组,,
85,maximal-rectangle,,3,False,最大矩形,栈;数组;哈希表;动态规划,,
86,partition-list,,2,False,分隔链表,链表;双指针,,
87,scramble-string,,3,False,扰乱字符串,字符串;动态规划,,
88,merge-sorted-array,,1,False,合并两个有序数组,数组;双指针,,
89,gray-code,,2,False,格雷编码,回溯算法,,
90,subsets-ii,,2,False,子集 II,数组;回溯算法,,
91,decode-ways,ac,2,False,解码方法,字符串;动态规划,48150271,java
92,reverse-linked-list-ii,,2,False,反转链表 II,链表,,
93,restore-ip-addresses,,2,False,复原IP地址,字符串;回溯算法,,
94,binary-tree-inorder-traversal,ac,2,False,二叉树的中序遍历,栈;树;哈希表,54890844,java
95,unique-binary-search-trees-ii,,2,False,不同的二叉搜索树 II,树;动态规划,,
96,unique-binary-search-trees,,2,False,不同的二叉搜索树,树;动态规划,,
97,interleaving-string,,3,False,交错字符串,字符串;动态规划,,
98,validate-binary-search-tree,ac,2,False,验证二叉搜索树,树;深度优先搜索,56321254,java
99,recover-binary-search-tree,,3,False,恢复二叉搜索树,树;深度优先搜索,,
100,same-tree,,1,False,相同的树,树;深度优先搜索,,
101,symmetric-tree,,1,False,对称二叉树,树;深度优先搜索;广度优先搜索,,
102,binary-tree-level-order-traversal,,2,False,二叉树的层序遍历,树;广度优先搜索,,
103,binary-tree-zigzag-level-order-traversal,,2,False,二叉树的锯齿形层次遍历,栈;树;广度优先搜索,,
104,maximum-depth-of-binary-tree,,1,False,二叉树的最大深度,树;深度优先搜索,,
105,construct-binary-tree-from-preorder-and-inorder-traversal,,2,False,从前序与中序遍历序列构造二叉树,树;深度优先搜索;数组,,
106,construct-binary-tree-from-inorder-and-postorder-traversal,,2,False,从中序与后序遍历序列构造二叉树,树;深度优先搜索;数组,,
107,binary-tree-level-order-traversal-ii,,1,False,二叉树的层次遍历 II,树;广度优先搜索,,
108,convert-sorted-array-to-binary-search-tree,,1,False,将有序数组转换为二叉搜索树,树;深度优先搜索,,
109,convert-sorted-list-to-binary-search-tree,ac,2,False,有序链表转换二叉搜索树,深度优先搜索;链表,56052759,java
110,balanced-binary-tree,,1,False,平衡二叉树,树;深度优先搜索,,
111,minimum-depth-of-binary-tree,,1,False,二叉树的最小深度,树;深度优先搜索;广度优先搜索,,
112,path-sum,,1,False,路径总和,树;深度优先搜索,,
113,path-sum-ii,,2,False,路径总和 II,树;深度优先搜索,,
114,flatten-binary-tree-to-linked-list,,2,False,二叉树展开为链表,树;深度优先搜索,,
115,distinct-subsequences,,3,False,不同的子序列,字符串;动态规划,,
116,populating-next-right-pointers-in-each-node,,2,False,填充每个节点的下一个右侧节点指针,树;深度优先搜索,,
117,populating-next-right-pointers-in-each-node-ii,,2,False,填充每个节点的下一个右侧节点指针 II,树;深度优先搜索,,
118,pascals-triangle,,1,False,杨辉三角,数组,,
119,pascals-triangle-ii,,1,False,杨辉三角 II,数组,,
120,triangle,,2,False,三角形最小路径和,数组;动态规划,,
121,best-time-to-buy-and-sell-stock,ac,1,False,买卖股票的最佳时机,数组;动态规划,48074215,java
122,best-time-to-buy-and-sell-stock-ii,ac,1,False,买卖股票的最佳时机 II,贪心算法;数组,48119141,java
123,best-time-to-buy-and-sell-stock-iii,,3,False,买卖股票的最佳时机 III,数组;动态规划,,
124,binary-tree-maximum-path-sum,,3,False,二叉树中的最大路径和,树;深度优先搜索,,
125,valid-palindrome,,1,False,验证回文串,双指针;字符串,,
126,word-ladder-ii,,3,False,单词接龙 II,广度优先搜索;数组;字符串;回溯算法,,
127,word-ladder,,2,False,单词接龙,广度优先搜索,,
128,longest-consecutive-sequence,,3,False,最长连续序列,并查集;数组,,
129,sum-root-to-leaf-numbers,,2,False,求根到叶子节点数字之和,树;深度优先搜索,,
130,surrounded-regions,,2,False,被围绕的区域,深度优先搜索;广度优先搜索;并查集,,
131,palindrome-partitioning,,2,False,分割回文串,回溯算法,,
132,palindrome-partitioning-ii,,3,False,分割回文串 II,动态规划,,
133,clone-graph,,2,False,克隆图,深度优先搜索;广度优先搜索;图,,
134,gas-station,,2,False,加油站,贪心算法,,
135,candy,,3,False,分发糖果,贪心算法,,
136,single-number,,1,False,只出现一次的数字,位运算;哈希表,,
137,single-number-ii,,2,False,只出现一次的数字 II,位运算,,
138,copy-list-with-random-pointer,,2,False,复制带随机指针的链表,哈希表;链表,,
139,word-break,,2,False,单词拆分,动态规划,,
140,word-break-ii,,3,False,单词拆分 II,动态规划;回溯算法,,
141,linked-list-cycle,ac,1,False,环形链表,链表;双指针,51201676,java
142,linked-list-cycle-ii,,2,False,环形链表 II,链表;双指针,,
143,reorder-list,ac,2,False,重排链表,链表,43851684,cpp
144,binary-tree-preorder-traversal,ac,2,False,二叉树的前序遍历,栈;树,54630570,java
145,binary-tree-postorder-traversal,,3,False,二叉树的后序遍历,栈;树,,
146,lru-cache,,2,False,LRU缓存机制,设计,,
147,insertion-sort-list,ac,2,False,对链表进行插入排序,排序;链表,51481214,java
148,sort-list,,2,False,排序链表,排序;链表,,
149,max-points-on-a-line,,3,False,直线上最多的点数,哈希表;数学,,
150,evaluate-reverse-polish-notation,,2,False,逆波兰表达式求值,栈,,
151,reverse-words-in-a-string,,2,False,翻转字符串里的单词,字符串,,
152,maximum-product-subarray,,2,False,乘积最大子数组,数组;动态规划,,
153,find-minimum-in-rotated-sorted-array,ac,2,False,寻找旋转排序数组中的最小值,数组;二分查找,50422808,java
154,find-minimum-in-rotated-sorted-array-ii,,3,False,寻找旋转排序数组中的最小值 II,数组;二分查找,,
155,min-stack,ac,1,False,最小栈,栈;设计,52685151,java
156,binary-tree-upside-down,,2,True,上下翻转二叉树,树,,
157,read-n-characters-given-read4,,1,True,用 Read4 读取 N 个字符,字符串,,
158,read-n-characters-given-read4-ii-call-multiple-times,,3,True,用 Read4 读取 N 个字符 II,字符串,,
159,longest-substring-with-at-most-two-distinct-characters,,2,True,至多包含两个不同字符的最长子串,哈希表;双指针;字符串,,
160,intersection-of-two-linked-lists,,1,False,相交链表,链表,,
161,one-edit-distance,,2,True,相隔为 1 的编辑距离,字符串,,
162,find-peak-element,,2,False,寻找峰值,数组;二分查找,,
163,missing-ranges,,2,True,缺失的区间,数组,,
164,maximum-gap,,3,False,最大间距,排序,,
165,compare-version-numbers,,2,False,比较版本号,字符串,,
166,fraction-to-recurring-decimal,,2,False,分数到小数,哈希表;数学,,
167,two-sum-ii-input-array-is-sorted,,1,False,两数之和 II - 输入有序数组,数组;双指针;二分查找,,
168,excel-sheet-column-title,,1,False,Excel表列名称,数学,,
169,majority-element,,1,False,多数元素,位运算;数组;分治算法,,
170,two-sum-iii-data-structure-design,,1,True,两数之和 III - 数据结构设计,设计;哈希表,,
171,excel-sheet-column-number,,1,False,Excel表列序号,数学,,
172,factorial-trailing-zeroes,,1,False,阶乘后的零,数学,,
173,binary-search-tree-iterator,,2,False,二叉搜索树迭代器,栈;树;设计,,
174,dungeon-game,,3,False,地下城游戏,二分查找;动态规划,,
175,combine-two-tables,,1,False,组合两个表,,,
176,second-highest-salary,,1,False,第二高的薪水,,,
177,nth-highest-salary,,2,False,第N高的薪水,,,
178,rank-scores,,2,False,分数排名,,,
179,largest-number,,2,False,最大数,排序,,
180,consecutive-numbers,,2,False,连续出现的数字,,,
181,employees-earning-more-than-their-managers,,1,False,超过经理收入的员工,,,
182,duplicate-emails,,1,False,查找重复的电子邮箱,,,
183,customers-who-never-order,,1,False,从不订购的客户,,,
184,department-highest-salary,,2,False,部门工资最高的员工,,,
185,department-top-three-salaries,,3,False,部门工资前三高的所有员工,,,
186,reverse-words-in-a-string-ii,,2,True,翻转字符串里的单词 II,字符串,,
187,repeated-dna-sequences,,2,False,重复的DNA序列,位运算;哈希表,,
188,best-time-to-buy-and-sell-stock-iv,,3,False,买卖股票的最佳时机 IV,动态规划,,
189,rotate-array,,1,False,旋转数组,数组,,
190,reverse-bits,,1,False,颠倒二进制位,位运算,,
191,number-of-1-bits,,1,False,位1的个数,位运算,,
192,word-frequency,,2,False,统计词频,,,
193,valid-phone-numbers,,1,False,有效电话号码,,,
194,transpose-file,,2,False,转置文件,,,
195,tenth-line,,1,False,第十行,,,
196,delete-duplicate-emails,,1,False,删除重复的电子邮箱,,,
197,rising-temperature,,1,False,上升的温度,,,
198,house-robber,,1,False,打家劫舍,动态规划,,
199,binary-tree-right-side-view,,2,False,二叉树的右视图,树;深度优先搜索;广度优先搜索,,
200,number-of-islands,ac,2,False,岛屿数量,深度优先搜索;广度优先搜索;并查集,64592236,python3
201,bitwise-and-of-numbers-range,,2,False,数字范围按位与,位运算,,
202,happy-number,,1,False,快乐数,哈希表;数学,,
203,remove-linked-list-elements,,1,False,移除链表元素,链表,,
204,count-primes,,1,False,计数质数,哈希表;数学,,
205,isomorphic-strings,,1,False,同构字符串,哈希表,,
206,reverse-linked-list,,1,False,反转链表,链表,,
207,course-schedule,,2,False,课程表,深度优先搜索;广度优先搜索;图;拓扑排序,,
208,implement-trie-prefix-tree,,2,False,实现 Trie (前缀树),设计;字典树,,
209,minimum-size-subarray-sum,,2,False,长度最小的子数组,数组;双指针;二分查找,,
210,course-schedule-ii,,2,False,课程表 II,深度优先搜索;广度优先搜索;图;拓扑排序,,
211,add-and-search-word-data-structure-design,,2,False,添加与搜索单词 - 数据结构设计,设计;字典树;回溯算法,,
212,word-search-ii,,3,False,单词搜索 II,字典树;回溯算法,,
213,house-robber-ii,,2,False,打家劫舍 II,动态规划,,
214,shortest-palindrome,,3,False,最短回文串,字符串,,
215,kth-largest-element-in-an-array,,2,False,数组中的第K个最大元素,堆;分治算法,,
216,combination-sum-iii,,2,False,组合总和 III,数组;回溯算法,,
217,contains-duplicate,,1,False,存在重复元素,数组;哈希表,,
218,the-skyline-problem,,3,False,天际线问题,堆;树状数组;线段树;分治算法,,
219,contains-duplicate-ii,,1,False,存在重复元素 II,数组;哈希表,,
220,contains-duplicate-iii,,2,False,存在重复元素 III,排序,,
221,maximal-square,,2,False,最大正方形,动态规划,,
222,count-complete-tree-nodes,,2,False,完全二叉树的节点个数,树;二分查找,,
223,rectangle-area,,2,False,矩形面积,数学,,
224,basic-calculator,,3,False,基本计算器,栈;数学,,
225,implement-stack-using-queues,,1,False,用队列实现栈,栈;设计,,
226,invert-binary-tree,ac,1,False,翻转二叉树,树,44197687,cpp
227,basic-calculator-ii,,2,False,基本计算器 II,字符串,,
228,summary-ranges,,2,False,汇总区间,数组,,
229,majority-element-ii,,2,False,求众数 II,数组,,
230,kth-smallest-element-in-a-bst,,2,False,二叉搜索树中第K小的元素,树;二分查找,,
231,power-of-two,,1,False,2的幂,位运算;数学,,
232,implement-queue-using-stacks,ac,1,False,用栈实现队列,栈;设计,52448667,java
233,number-of-digit-one,,3,False,数字 1 的个数,数学,,
234,palindrome-linked-list,,1,False,回文链表,链表;双指针,,
235,lowest-common-ancestor-of-a-binary-search-tree,,1,False,二叉搜索树的最近公共祖先,树,,
236,lowest-common-ancestor-of-a-binary-tree,ac,2,False,二叉树的最近公共祖先,树,55454973,java
237,delete-node-in-a-linked-list,,1,False,删除链表中的节点,链表,,
238,product-of-array-except-self,,2,False,除自身以外数组的乘积,数组,,
239,sliding-window-maximum,,3,False,滑动窗口最大值,堆,,
240,search-a-2d-matrix-ii,,2,False,搜索二维矩阵 II,二分查找;分治算法,,
241,different-ways-to-add-parentheses,,2,False,为运算表达式设计优先级,分治算法,,
242,valid-anagram,ac,1,False,有效的字母异位词,排序;哈希表,60508861,java
243,shortest-word-distance,,1,True,最短单词距离,数组,,
244,shortest-word-distance-ii,,2,True,最短单词距离 II,设计;哈希表,,
245,shortest-word-distance-iii,,2,True,最短单词距离 III,数组,,
246,strobogrammatic-number,,1,True,中心对称数,哈希表;数学,,
247,strobogrammatic-number-ii,,2,True,中心对称数 II,递归;数学,,
248,strobogrammatic-number-iii,,3,True,中心对称数 III,递归;数学,,
249,group-shifted-strings,,2,True,移位字符串分组,哈希表;字符串,,
250,count-univalue-subtrees,,2,True,统计同值子树,树,,
251,flatten-2d-vector,,2,True,展开二维向量,设计,,
252,meeting-rooms,,1,True,会议室,排序,,
253,meeting-rooms-ii,,2,True,会议室 II,堆;贪心算法;排序,,
254,factor-combinations,,2,True,因子的组合,回溯算法,,
255,verify-preorder-sequence-in-binary-search-tree,,2,True,验证前序遍历序列二叉搜索树,栈;树,,
256,paint-house,,1,True,粉刷房子,动态规划,,
257,binary-tree-paths,,1,False,二叉树的所有路径,树;深度优先搜索,,
258,add-digits,,1,False,各位相加,数学,,
259,3sum-smaller,,2,True,较小的三数之和,数组;双指针,,
260,single-number-iii,,2,False,只出现一次的数字 III,位运算,,
261,graph-valid-tree,,2,True,以图判树,深度优先搜索;广度优先搜索;并查集;图,,
262,trips-and-users,,3,False,行程和用户,,,
263,ugly-number,,1,False,丑数,数学,,
264,ugly-number-ii,,2,False,丑数 II,堆;数学;动态规划,,
265,paint-house-ii,,3,True,粉刷房子 II,动态规划,,
266,palindrome-permutation,,1,True,回文排列,哈希表,,
267,palindrome-permutation-ii,,2,True,回文排列 II,回溯算法,,
268,missing-number,,1,False,缺失数字,位运算;数组;数学,,
269,alien-dictionary,,3,True,火星词典,图;拓扑排序,,
270,closest-binary-search-tree-value,,1,True,最接近的二叉搜索树值,树;二分查找,,
271,encode-and-decode-strings,,2,True,字符串的编码与解码,字符串,,
272,closest-binary-search-tree-value-ii,,3,True,最接近的二叉搜索树值 II,栈;树,,
273,integer-to-english-words,,3,False,整数转换英文表示,数学;字符串,,
274,h-index,,2,False,H 指数,排序;哈希表,,
275,h-index-ii,,2,False,H指数 II,二分查找,,
276,paint-fence,,1,True,栅栏涂色,动态规划,,
277,find-the-celebrity,,2,True,搜寻名人,数组,,
278,first-bad-version,,1,False,第一个错误的版本,二分查找,,
279,perfect-squares,ac,2,False,完全平方数,广度优先搜索;数学;动态规划,46301816,python
280,wiggle-sort,,2,True,摆动排序,排序;数组,,
281,zigzag-iterator,,2,True,锯齿迭代器,设计,,
282,expression-add-operators,,3,False,给表达式添加运算符,分治算法,,
283,move-zeroes,,1,False,移动零,数组;双指针,,
284,peeking-iterator,,2,False,顶端迭代器,设计,,
285,inorder-successor-in-bst,,2,True,二叉搜索树中的顺序后继,树,,
286,walls-and-gates,,2,True,墙与门,广度优先搜索,,
287,find-the-duplicate-number,,2,False,寻找重复数,数组;双指针;二分查找,,
288,unique-word-abbreviation,,2,True,单词的唯一缩写,设计;哈希表,,
289,game-of-life,,2,False,生命游戏,数组,,
290,word-pattern,,1,False,单词规律,哈希表,,
291,word-pattern-ii,,3,True,单词规律 II,回溯算法,,
292,nim-game,,1,False,Nim 游戏,脑筋急转弯;极小化极大,,
293,flip-game,,1,True,翻转游戏,字符串,,
294,flip-game-ii,,2,True,翻转游戏 II,极小化极大;回溯算法,,
295,find-median-from-data-stream,,3,False,数据流的中位数,堆;设计,,
296,best-meeting-point,,3,True,最佳的碰头地点,排序;数学,,
297,serialize-and-deserialize-binary-tree,ac,3,False,二叉树的序列化与反序列化,树;设计,55382841,java
298,binary-tree-longest-consecutive-sequence,,2,True,二叉树最长连续序列,树,,
299,bulls-and-cows,,1,False,猜数字游戏,哈希表,,
300,longest-increasing-subsequence,,2,False,最长上升子序列,二分查找;动态规划,,
301,remove-invalid-parentheses,,3,False,删除无效的括号,深度优先搜索;广度优先搜索,,
302,smallest-rectangle-enclosing-black-pixels,,3,True,包含全部黑色像素的最小矩形,二分查找,,
303,range-sum-query-immutable,,1,False,区域和检索 - 数组不可变,动态规划,,
304,range-sum-query-2d-immutable,,2,False,二维区域和检索 - 矩阵不可变,动态规划,,
305,number-of-islands-ii,,3,True,岛屿数量 II,并查集,,
306,additive-number,,2,False,累加数,回溯算法,,
307,range-sum-query-mutable,,2,False,区域和检索 - 数组可修改,树状数组;线段树,,
308,range-sum-query-2d-mutable,,3,True,二维区域和检索 - 可变,树状数组;线段树,,
309,best-time-to-buy-and-sell-stock-with-cooldown,,2,False,最佳买卖股票时机含冷冻期,动态规划,,
310,minimum-height-trees,,2,False,最小高度树,广度优先搜索;图,,
311,sparse-matrix-multiplication,,2,True,稀疏矩阵的乘法,哈希表,,
312,burst-balloons,,3,False,戳气球,分治算法;动态规划,,
313,super-ugly-number,,2,False,超级丑数,堆;数学,,
314,binary-tree-vertical-order-traversal,,2,True,二叉树的垂直遍历,深度优先搜索;广度优先搜索,,
315,count-of-smaller-numbers-after-self,,3,False,计算右侧小于当前元素的个数,排序;树状数组;线段树;二分查找;分治算法,,
316,remove-duplicate-letters,,3,False,去除重复字母,栈;贪心算法,,
317,shortest-distance-from-all-buildings,,3,True,离建筑物最近的距离,广度优先搜索,,
318,maximum-product-of-word-lengths,,2,False,最大单词长度乘积,位运算,,
319,bulb-switcher,,2,False,灯泡开关,脑筋急转弯;数学,,
320,generalized-abbreviation,,2,True,列举单词的全部缩写,位运算;回溯算法,,
321,create-maximum-number,,3,False,拼接最大数,贪心算法;动态规划,,
322,coin-change,ac,2,False,零钱兑换,动态规划,46962683,java
323,number-of-connected-components-in-an-undirected-graph,,2,True,无向图中连通分量的数目,深度优先搜索;广度优先搜索;并查集;图,,
324,wiggle-sort-ii,,2,False,摆动排序 II,排序,,
325,maximum-size-subarray-sum-equals-k,,2,True,和等于 k 的最长子数组长度,哈希表,,
326,power-of-three,,1,False,3的幂,数学,,
327,count-of-range-sum,,3,False,区间和的个数,排序;树状数组;线段树;二分查找;分治算法,,
328,odd-even-linked-list,,2,False,奇偶链表,链表,,
329,longest-increasing-path-in-a-matrix,,3,False,矩阵中的最长递增路径,深度优先搜索;拓扑排序;记忆化,,
330,patching-array,,3,False,按要求补齐数组,贪心算法,,
331,verify-preorder-serialization-of-a-binary-tree,,2,False,验证二叉树的前序序列化,栈,,
332,reconstruct-itinerary,,2,False,重新安排行程,深度优先搜索;图,,
333,largest-bst-subtree,,2,True,最大 BST 子树,树,,
334,increasing-triplet-subsequence,,2,False,递增的三元子序列,,,
335,self-crossing,,3,False,路径交叉,数学,,
336,palindrome-pairs,,3,False,回文对,字典树;哈希表;字符串,,
337,house-robber-iii,,2,False,打家劫舍 III,树;深度优先搜索,,
338,counting-bits,,2,False,比特位计数,位运算;动态规划,,
339,nested-list-weight-sum,,1,True,嵌套列表权重和,深度优先搜索,,
340,longest-substring-with-at-most-k-distinct-characters,,3,True,至多包含 K 个不同字符的最长子串,哈希表;字符串,,
341,flatten-nested-list-iterator,,2,False,扁平化嵌套列表迭代器,栈;设计,,
342,power-of-four,,1,False,4的幂,位运算,,
343,integer-break,,2,False,整数拆分,数学;动态规划,,
344,reverse-string,,1,False,反转字符串,双指针;字符串,,
345,reverse-vowels-of-a-string,,1,False,反转字符串中的元音字母,双指针;字符串,,
346,moving-average-from-data-stream,,1,True,数据流中的移动平均值,设计;队列,,
347,top-k-frequent-elements,,2,False,前 K 个高频元素,堆;哈希表,,
348,design-tic-tac-toe,,2,True,判定井字棋胜负,设计,,
349,intersection-of-two-arrays,,1,False,两个数组的交集,排序;哈希表;双指针;二分查找,,
350,intersection-of-two-arrays-ii,,1,False,两个数组的交集 II,排序;哈希表;双指针;二分查找,,
351,android-unlock-patterns,,2,True,安卓系统手势解锁,动态规划;回溯算法,,
352,data-stream-as-disjoint-intervals,,3,False,将数据流变为多个不相交区间,二分查找,,
353,design-snake-game,,2,True,贪吃蛇,设计;队列,,
354,russian-doll-envelopes,,3,False,俄罗斯套娃信封问题,二分查找;动态规划,,
355,design-twitter,,2,False,设计推特,堆;设计;哈希表,,
356,line-reflection,,2,True,直线镜像,哈希表;数学,,
357,count-numbers-with-unique-digits,,2,False,计算各个位数不同的数字个数,数学;动态规划;回溯算法,,
358,rearrange-string-k-distance-apart,,3,True,K 距离间隔重排字符串,堆;贪心算法;哈希表,,
359,logger-rate-limiter,,1,True,日志速率限制器,设计;哈希表,,
360,sort-transformed-array,,2,True,有序转化数组,数学;双指针,,
361,bomb-enemy,,2,True,轰炸敌人,动态规划,,
362,design-hit-counter,,2,True,敲击计数器,设计,,
363,max-sum-of-rectangle-no-larger-than-k,,3,False,矩形区域不超过 K 的最大数值和,队列;二分查找;动态规划,,
364,nested-list-weight-sum-ii,,2,True,加权嵌套序列和 II,深度优先搜索,,
365,water-and-jug-problem,ac,2,False,水壶问题,数学,55575503,python3
366,find-leaves-of-binary-tree,,2,True,寻找二叉树的叶子节点,树;深度优先搜索,,
367,valid-perfect-square,,1,False,有效的完全平方数,数学;二分查找,,
368,largest-divisible-subset,,2,False,最大整除子集,数学;动态规划,,
369,plus-one-linked-list,,2,True,给单链表加一,链表,,
370,range-addition,,2,True,区间加法,数组,,
371,sum-of-two-integers,,1,False,两整数之和,位运算,,
372,super-pow,,2,False,超级次方,数学,,
373,find-k-pairs-with-smallest-sums,,2,False,查找和最小的K对数字,堆,,
374,guess-number-higher-or-lower,,1,False,猜数字大小,二分查找,,
375,guess-number-higher-or-lower-ii,,2,False,猜数字大小 II,极小化极大;动态规划,,
376,wiggle-subsequence,,2,False,摆动序列,贪心算法;动态规划,,
377,combination-sum-iv,,2,False,组合总和 Ⅳ,动态规划,,
378,kth-smallest-element-in-a-sorted-matrix,,2,False,有序矩阵中第K小的元素,堆;二分查找,,
379,design-phone-directory,,2,True,电话目录管理系统,设计;链表,,
380,insert-delete-getrandom-o1,,2,False,常数时间插入、删除和获取随机元素,设计;数组;哈希表,,
381,insert-delete-getrandom-o1-duplicates-allowed,,3,False,O(1) 时间插入、删除和获取随机元素 - 允许重复,设计;数组;哈希表,,
382,linked-list-random-node,,2,False,链表随机节点,蓄水池抽样,,
383,ransom-note,,1,False,赎金信,字符串,,
384,shuffle-an-array,,2,False,打乱数组,,,
385,mini-parser,,2,False,迷你语法分析器,栈;字符串,,
386,lexicographical-numbers,,2,False,字典序排数,,,
387,first-unique-character-in-a-string,,1,False,字符串中的第一个唯一字符,哈希表;字符串,,
388,longest-absolute-file-path,,2,False,文件的最长绝对路径,,,
389,find-the-difference,,1,False,找不同,位运算;哈希表,,
390,elimination-game,,2,False,消除游戏,,,
391,perfect-rectangle,,3,False,完美矩形,,,
392,is-subsequence,,1,False,判断子序列,贪心算法;二分查找;动态规划,,
393,utf-8-validation,,2,False,UTF-8 编码验证,位运算,,
394,decode-string,,2,False,字符串解码,栈;深度优先搜索,,
395,longest-substring-with-at-least-k-repeating-characters,,2,False,至少有K个重复字符的最长子串,,,
396,rotate-function,,2,False,旋转函数,数学,,
397,integer-replacement,,2,False,整数替换,位运算;数学,,
398,random-pick-index,,2,False,随机数索引,蓄水池抽样,,
399,evaluate-division,,2,False,除法求值,并查集;图,,
400,nth-digit,,2,False,第N个数字,数学,,
401,binary-watch,,1,False,二进制手表,位运算;回溯算法,,
402,remove-k-digits,,2,False,移掉K位数字,栈;贪心算法,,
403,frog-jump,,3,False,青蛙过河,动态规划,,
404,sum-of-left-leaves,,1,False,左叶子之和,树,,
405,convert-a-number-to-hexadecimal,,1,False,数字转换为十六进制数,位运算,,
406,queue-reconstruction-by-height,,2,False,根据身高重建队列,贪心算法,,
407,trapping-rain-water-ii,,3,False,接雨水 II,堆;广度优先搜索,,
408,valid-word-abbreviation,,1,True,有效单词缩写,字符串,,
409,longest-palindrome,,1,False,最长回文串,哈希表,,
410,split-array-largest-sum,,3,False,分割数组的最大值,二分查找;动态规划,,
411,minimum-unique-word-abbreviation,,3,True,最短特异单词缩写,位运算;回溯算法,,
412,fizz-buzz,,1,False,Fizz Buzz,,,
413,arithmetic-slices,,2,False,等差数列划分,数学;动态规划,,
414,third-maximum-number,,1,False,第三大的数,数组,,
415,add-strings,,1,False,字符串相加,字符串,,
416,partition-equal-subset-sum,,2,False,分割等和子集,动态规划,,
417,pacific-atlantic-water-flow,,2,False,太平洋大西洋水流问题,深度优先搜索;广度优先搜索,,
418,sentence-screen-fitting,,2,True,屏幕可显示句子的数量,动态规划,,
419,battleships-in-a-board,,2,False,甲板上的战舰,,,
420,strong-password-checker,,3,False,强密码检验器,,,
421,maximum-xor-of-two-numbers-in-an-array,,2,False,数组中两个数的最大异或值,位运算;字典树,,
422,valid-word-square,,1,True,有效的单词方块,,,
423,reconstruct-original-digits-from-english,,2,False,从英文中重建数字,数学,,
424,longest-repeating-character-replacement,,2,False,替换后的最长重复字符,双指针,,
425,word-squares,,3,True,单词方块,字典树;回溯算法,,
432,all-oone-data-structure,,3,False,全 O(1) 的数据结构,设计,,
433,minimum-genetic-mutation,,2,False,最小基因变化,,,
434,number-of-segments-in-a-string,,1,False,字符串中的单词数,字符串,,
435,non-overlapping-intervals,,2,False,无重叠区间,贪心算法,,
436,find-right-interval,,2,False,寻找右区间,二分查找,,
437,path-sum-iii,,1,False,路径总和 III,树,,
438,find-all-anagrams-in-a-string,,2,False,找到字符串中所有字母异位词,哈希表,,
439,ternary-expression-parser,,2,True,三元表达式解析器,栈;深度优先搜索,,
440,k-th-smallest-in-lexicographical-order,,3,False,字典序的第K小数字,,,
441,arranging-coins,,1,False,排列硬币,数学;二分查找,,
442,find-all-duplicates-in-an-array,,2,False,数组中重复的数据,数组,,
443,string-compression,,1,False,压缩字符串,字符串,,
444,sequence-reconstruction,,2,True,序列重建,图;拓扑排序,,
445,add-two-numbers-ii,,2,False,两数相加 II,链表,,
446,arithmetic-slices-ii-subsequence,,3,False,等差数列划分 II - 子序列,动态规划,,
447,number-of-boomerangs,,1,False,回旋镖的数量,哈希表,,
448,find-all-numbers-disappeared-in-an-array,,1,False,找到所有数组中消失的数字,数组,,
449,serialize-and-deserialize-bst,,2,False,序列化和反序列化二叉搜索树,树,,
450,delete-node-in-a-bst,,2,False,删除二叉搜索树中的节点,树,,
451,sort-characters-by-frequency,,2,False,根据字符出现频率排序,堆;哈希表,,
452,minimum-number-of-arrows-to-burst-balloons,ac,2,False,用最少数量的箭引爆气球,贪心算法,52398288,python3
453,minimum-moves-to-equal-array-elements,,1,False,最小移动次数使数组元素相等,数学,,
454,4sum-ii,,2,False,四数相加 II,哈希表;二分查找,,
455,assign-cookies,,1,False,分发饼干,贪心算法,,
456,132-pattern,,2,False,132模式,栈,,
457,circular-array-loop,,2,False,环形数组循环,数组;双指针,,
458,poor-pigs,ac,3,False,可怜的小猪,数学,56063401,java
459,repeated-substring-pattern,,1,False,重复的子字符串,字符串,,
460,lfu-cache,,3,False,LFU缓存,设计,,
461,hamming-distance,,1,False,汉明距离,位运算,,
462,minimum-moves-to-equal-array-elements-ii,,2,False,最少移动次数使数组元素相等 II,数学,,
463,island-perimeter,,1,False,岛屿的周长,哈希表,,
464,can-i-win,,2,False,我能赢吗,极小化极大;动态规划,,
465,optimal-account-balancing,,3,True,最优账单平衡,,,
466,count-the-repetitions,,3,False,统计重复个数,动态规划,,
467,unique-substrings-in-wraparound-string,,2,False,环绕字符串中唯一的子字符串,动态规划,,
468,validate-ip-address,ac,2,False,验证IP地址,字符串,80731300,python3
469,convex-polygon,,2,True,凸多边形,数学,,
471,encode-string-with-shortest-length,,3,True,编码最短长度的字符串,动态规划,,
472,concatenated-words,,3,False,连接词,深度优先搜索;字典树;动态规划,,
473,matchsticks-to-square,,2,False,火柴拼正方形,深度优先搜索,,
474,ones-and-zeroes,,2,False,一和零,动态规划,,
475,heaters,,1,False,供暖器,二分查找,,
476,number-complement,,1,False,数字的补数,位运算,,
477,total-hamming-distance,,2,False,汉明距离总和,位运算,,
479,largest-palindrome-product,,3,False,最大回文数乘积,,,
480,sliding-window-median,,3,False,滑动窗口中位数,,,
481,magical-string,,2,False,神奇字符串,,,
482,license-key-formatting,,1,False,密钥格式化,,,
483,smallest-good-base,,3,False,最小好进制,数学;二分查找,,
484,find-permutation,,2,True,寻找排列,贪心算法,,
485,max-consecutive-ones,,1,False,最大连续1的个数,数组,,
486,predict-the-winner,,2,False,预测赢家,极小化极大;动态规划,,
487,max-consecutive-ones-ii,,2,True,最大连续1的个数 II,双指针,,
488,zuma-game,,3,False,祖玛游戏,深度优先搜索,,
490,the-maze,,2,True,迷宫,深度优先搜索;广度优先搜索,,
491,increasing-subsequences,,2,False,递增子序列,深度优先搜索,,
492,construct-the-rectangle,,1,False,构造矩形,,,
493,reverse-pairs,,3,False,翻转对,排序;树状数组;线段树;二分查找;分治算法,,
494,target-sum,,2,False,目标和,深度优先搜索;动态规划,,
495,teemo-attacking,,2,False,提莫攻击,数组,,
496,next-greater-element-i,,1,False,下一个更大元素 I,栈,,
498,diagonal-traverse,,2,False,对角线遍历,,,
499,the-maze-iii,,3,True,迷宫 III,深度优先搜索;广度优先搜索,,
500,keyboard-row,,1,False,键盘行,哈希表,,
501,find-mode-in-binary-search-tree,,1,False,二叉搜索树中的众数,树,,
502,ipo,,3,False,IPO,堆;贪心算法,,
503,next-greater-element-ii,,2,False,下一个更大元素 II,栈,,
504,base-7,,1,False,七进制数,,,
505,the-maze-ii,,2,True,迷宫 II,深度优先搜索;广度优先搜索,,
506,relative-ranks,,1,False,相对名次,,,
507,perfect-number,,1,False,完美数,数学,,
508,most-frequent-subtree-sum,,2,False,出现次数最多的子树元素和,树;哈希表,,
509,inorder-successor-in-bst-ii,,2,True,二叉搜索树中的中序后继 II,树,,
511,all-paths-from-source-lead-to-destination,ac,2,True,从始点到终点的所有路径,深度优先搜索;图,64269650,python
513,find-bottom-left-tree-value,,2,False,找树左下角的值,树;深度优先搜索;广度优先搜索,,
514,freedom-trail,,3,False,自由之路,深度优先搜索;分治算法;动态规划,,
515,find-largest-value-in-each-tree-row,,2,False,在每个树行中找最大值,树;深度优先搜索;广度优先搜索,,
516,longest-palindromic-subsequence,,2,False,最长回文子序列,动态规划,,
517,super-washing-machines,,3,False,超级洗衣机,数学;动态规划,,
518,coin-change-2,ac,2,False,零钱兑换 II,,46984431,java
520,detect-capital,,1,False,检测大写字母,字符串,,
521,longest-uncommon-subsequence-i,,1,False,最长特殊序列 Ⅰ,字符串,,
522,longest-uncommon-subsequence-ii,,2,False,最长特殊序列 II,字符串,,
523,continuous-subarray-sum,,2,False,连续的子数组和,数学;动态规划,,
524,longest-word-in-dictionary-through-deleting,,2,False,通过删除字母匹配到字典里最长单词,排序;双指针,,
525,contiguous-array,,2,False,连续数组,哈希表,,
526,beautiful-arrangement,,2,False,优美的排列,回溯算法,,
527,word-abbreviation,,3,True,单词缩写,排序;字符串,,
529,minesweeper,,2,False,扫雷游戏,深度优先搜索;广度优先搜索,,
530,minimum-absolute-difference-in-bst,,1,False,二叉搜索树的最小绝对差,树,,
531,lonely-pixel-i,,2,True,孤独像素 I,深度优先搜索;数组,,
532,k-diff-pairs-in-an-array,,1,False,数组中的K-diff数对,数组;双指针,,
533,lonely-pixel-ii,,2,True,孤独像素 II,深度优先搜索;数组,,
535,encode-and-decode-tinyurl,,2,False,TinyURL 的加密与解密,哈希表;数学,,
536,construct-binary-tree-from-string,,2,True,从字符串生成二叉树,树;字符串,,
537,complex-number-multiplication,,2,False,复数乘法,数学;字符串,,
538,convert-bst-to-greater-tree,,1,False,把二叉搜索树转换为累加树,树,,
539,minimum-time-difference,,2,False,最小时间差,字符串,,
540,single-element-in-a-sorted-array,,2,False,有序数组中的单一元素,,,
541,reverse-string-ii,,1,False,反转字符串 II,字符串,,
542,01-matrix,,2,False,01 矩阵,深度优先搜索;广度优先搜索,,
543,diameter-of-binary-tree,,1,False,二叉树的直径,树,,
544,output-contest-matches,,2,True,输出比赛匹配对,递归;字符串,,
545,boundary-of-binary-tree,,2,True,二叉树的边界,树,,
546,remove-boxes,,3,False,移除盒子,深度优先搜索;动态规划,,
547,friend-circles,,2,False,朋友圈,深度优先搜索;并查集,,
548,split-array-with-equal-sum,,2,True,将数组分割成和相等的子数组,数组,,
549,binary-tree-longest-consecutive-sequence-ii,,2,True,二叉树中最长的连续序列,树,,
551,student-attendance-record-i,,1,False,学生出勤记录 I,字符串,,
552,student-attendance-record-ii,,3,False,学生出勤记录 II,动态规划,,
553,optimal-division,,2,False,最优除法,数学;字符串,,
554,brick-wall,,2,False,砖墙,哈希表,,
555,split-concatenated-strings,,2,True,分割连接字符串,字符串,,
556,next-greater-element-iii,,2,False,下一个更大元素 III,字符串,,
557,reverse-words-in-a-string-iii,,1,False,反转字符串中的单词 III,字符串,,
560,subarray-sum-equals-k,,2,False,和为K的子数组,数组;哈希表,,
561,array-partition-i,,1,False,数组拆分 I,数组,,
562,longest-line-of-consecutive-one-in-matrix,,2,True,矩阵中最长的连续1线段,数组,,
563,binary-tree-tilt,,1,False,二叉树的坡度,树,,
564,find-the-closest-palindrome,,3,False,寻找最近的回文数,字符串,,
565,array-nesting,,2,False,数组嵌套,数组,,
566,reshape-the-matrix,,1,False,重塑矩阵,数组,,
567,permutation-in-string,,2,False,字符串的排列,双指针,,
568,maximum-vacation-days,,3,True,最大休假天数,动态规划,,
569,median-employee-salary,,3,True,员工薪水中位数,,,
570,managers-with-at-least-5-direct-reports,,2,True,至少有5名直接下属的经理,,,
571,find-median-given-frequency-of-numbers,,3,True,给定数字的频率查询中位数,,,
572,subtree-of-another-tree,,1,False,另一个树的子树,树,,
573,squirrel-simulation,,2,True,松鼠模拟,数学,,
574,winning-candidate,,2,True,当选者,,,
575,distribute-candies,,1,False,分糖果,哈希表,,
576,out-of-boundary-paths,,2,False,出界的路径数,深度优先搜索;动态规划,,
577,employee-bonus,,1,True,员工奖金,,,
578,get-highest-answer-rate-question,,2,True,查询回答率最高的问题,,,
579,find-cumulative-salary-of-an-employee,,3,True,查询员工的累计薪水,,,
580,count-student-number-in-departments,,2,True,统计各专业学生人数,,,
581,shortest-unsorted-continuous-subarray,,1,False,最短无序连续子数组,数组,,
582,kill-process,,2,True,杀死进程,树;队列,,
583,delete-operation-for-two-strings,,2,False,两个字符串的删除操作,字符串,,
584,find-customer-referee,,1,True,寻找用户推荐人,,,
585,investments-in-2016,,2,True,2016年的投资,,,
586,customer-placing-the-largest-number-of-orders,,1,True,订单最多的客户,,,
587,erect-the-fence,,3,False,安装栅栏,几何,,
588,design-in-memory-file-system,,3,True,设计内存文件系统,设计,,
591,tag-validator,,3,False,标签验证器,栈;字符串,,
592,fraction-addition-and-subtraction,,2,False,分数加减运算,数学,,
593,valid-square,,2,False,有效的正方形,数学,,
594,longest-harmonious-subsequence,,1,False,最长和谐子序列,哈希表,,
595,big-countries,,1,False,大的国家,,,
596,classes-more-than-5-students,,1,False,超过5名学生的课,,,
597,friend-requests-i-overall-acceptance-rate,,1,True,好友申请 I ：总体通过率,,,
598,range-addition-ii,,1,False,范围求和 II,数学,,
599,minimum-index-sum-of-two-lists,,1,False,两个列表的最小索引总和,哈希表,,
600,non-negative-integers-without-consecutive-ones,,3,False,不含连续1的非负整数,动态规划,,
601,human-traffic-of-stadium,,3,False,体育馆的人流量,,,
602,friend-requests-ii-who-has-the-most-friends,,2,True,好友申请 II ：谁有最多的好友,,,
603,consecutive-available-seats,,1,True,连续空余座位,,,
604,design-compressed-string-iterator,,1,True,迭代压缩字符串,设计,,
605,can-place-flowers,,1,False,种花问题,数组,,
606,construct-string-from-binary-tree,,1,False,根据二叉树创建字符串,树;字符串,,
607,sales-person,,1,True,销售员,,,
608,tree-node,,2,True,树节点,,,
609,find-duplicate-file-in-system,ac,2,False,在系统中查找重复文件,哈希表;字符串,60927027,java
610,triangle-judgement,,1,True,判断三角形,,,
611,valid-triangle-number,,2,False,有效三角形的个数,数组,,
612,shortest-distance-in-a-plane,,2,True,平面上的最近距离,,,
613,shortest-distance-in-a-line,,1,True,直线上的最近距离,,,
614,second-degree-follower,,2,True,二级关注者,,,
615,average-salary-departments-vs-company,,3,True,平均工资：部门与公司比较,,,
616,add-bold-tag-in-string,,2,True,给字符串添加加粗标签,字符串,,
617,merge-two-binary-trees,ac,1,False,合并二叉树,树,54958582,java
618,students-report-by-geography,,3,True,学生地理信息报告,,,
619,biggest-single-number,,1,True,只出现一次的最大数字,,,
620,not-boring-movies,,1,False,有趣的电影,,,
621,task-scheduler,,2,False,任务调度器,贪心算法;队列;数组,,
623,add-one-row-to-tree,,2,False,在二叉树中增加一行,树,,
624,maximum-distance-in-arrays,,1,True,数组列表中的最大距离,数组;哈希表,,
625,minimum-factorization,,2,True,最小因式分解,递归;数学,,
626,exchange-seats,,2,False,换座位,,,
627,swap-salary,,1,False,交换工资,,,
628,maximum-product-of-three-numbers,,1,False,三个数的最大乘积,数组;数学,,
629,k-inverse-pairs-array,,3,False,K个逆序对数组,动态规划,,
630,course-schedule-iii,,3,False,课程表 III,贪心算法,,
631,design-excel-sum-formula,,3,True,设计 Excel 求和公式,设计,,
632,smallest-range-covering-elements-from-k-lists,,3,False,最小区间,哈希表;双指针;字符串,,
633,sum-of-square-numbers,,1,False,平方数之和,数学,,
634,find-the-derangement-of-an-array,,2,True,寻找数组的错位排列,数学,,
635,design-log-storage-system,,2,True,设计日志存储系统,设计;字符串,,
636,exclusive-time-of-functions,,2,False,函数的独占时间,栈,,
637,average-of-levels-in-binary-tree,,1,False,二叉树的层平均值,树,,
638,shopping-offers,,2,False,大礼包,深度优先搜索;动态规划,,
639,decode-ways-ii,,3,False,解码方法 2,动态规划,,
640,solve-the-equation,,2,False,求解方程,数学,,
642,design-search-autocomplete-system,,3,True,设计搜索自动补全系统,设计;字典树,,
643,maximum-average-subarray-i,,1,False,子数组最大平均数 I,数组,,
644,maximum-average-subarray-ii,,3,True,最大平均子段和 II,数组;二分查找,,
645,set-mismatch,,1,False,错误的集合,哈希表;数学,,
646,maximum-length-of-pair-chain,,2,False,最长数对链,动态规划,,
647,palindromic-substrings,,2,False,回文子串,字符串;动态规划,,
648,replace-words,,2,False,单词替换,字典树;哈希表,,
649,dota2-senate,,2,False,Dota2 参议院,贪心算法,,
650,2-keys-keyboard,,2,False,只有两个键的键盘,动态规划,,
651,4-keys-keyboard,,2,True,4键键盘,贪心算法;数学;动态规划,,
652,find-duplicate-subtrees,,2,False,寻找重复的子树,树,,
653,two-sum-iv-input-is-a-bst,,1,False,两数之和 IV - 输入 BST,树,,
654,maximum-binary-tree,,2,False,最大二叉树,树,,
655,print-binary-tree,,2,False,输出二叉树,树,,
656,coin-path,,3,True,金币路径,动态规划,,
657,robot-return-to-origin,,1,False,机器人能否返回原点,字符串,,
658,find-k-closest-elements,,2,False,找到 K 个最接近的元素,二分查找,,
659,split-array-into-consecutive-subsequences,,2,False,分割数组为连续子序列,堆;贪心算法,,
660,remove-9,,3,True,移除 9,数学,,
661,image-smoother,,1,False,图片平滑器,数组,,
662,maximum-width-of-binary-tree,,2,False,二叉树最大宽度,树,,
663,equal-tree-partition,,2,True,均匀树划分,树,,
664,strange-printer,,3,False,奇怪的打印机,深度优先搜索;动态规划,,
665,non-decreasing-array,,1,False,非递减数列,数组,,
666,path-sum-iv,,2,True,路径和 IV,树,,
667,beautiful-arrangement-ii,,2,False,优美的排列 II,数组,,
668,kth-smallest-number-in-multiplication-table,,3,False,乘法表中第k小的数,二分查找,,
669,trim-a-binary-search-tree,ac,1,False,修剪二叉搜索树,树,56810624,java
670,maximum-swap,,2,False,最大交换,数组;数学,,
671,second-minimum-node-in-a-binary-tree,,1,False,二叉树中第二小的节点,树,,
672,bulb-switcher-ii,,2,False,灯泡开关 Ⅱ,数学,,
673,number-of-longest-increasing-subsequence,,2,False,最长递增子序列的个数,动态规划,,
674,longest-continuous-increasing-subsequence,,1,False,最长连续递增序列,数组,,
675,cut-off-trees-for-golf-event,,3,False,为高尔夫比赛砍树,广度优先搜索,,
676,implement-magic-dictionary,,2,False,实现一个魔法字典,字典树;哈希表,,
677,map-sum-pairs,,2,False,键值映射,字典树,,
678,valid-parenthesis-string,,2,False,有效的括号字符串,字符串,,
679,24-game,,3,False,24 点游戏,深度优先搜索,,
680,valid-palindrome-ii,,1,False,验证回文字符串 Ⅱ,字符串,,
681,next-closest-time,,2,True,最近时刻,字符串,,
682,baseball-game,,1,False,棒球比赛,栈,,
683,k-empty-slots,,3,True,K 个空花盆,,,
684,redundant-connection,,2,False,冗余连接,树;并查集;图,,
685,redundant-connection-ii,,3,False,冗余连接 II,树;深度优先搜索;并查集;图,,
686,repeated-string-match,,1,False,重复叠加字符串匹配,字符串,,
687,longest-univalue-path,,1,False,最长同值路径,树;递归,,
688,knight-probability-in-chessboard,,2,False,“马”在棋盘上的概率,动态规划,,
689,maximum-sum-of-3-non-overlapping-subarrays,,3,False,三个无重叠子数组的最大和,数组;动态规划,,
690,employee-importance,,1,False,员工的重要性,深度优先搜索;广度优先搜索;哈希表,,
691,stickers-to-spell-word,,3,False,贴纸拼词,动态规划;回溯算法,,
692,top-k-frequent-words,,2,False,前K个高频单词,堆;字典树;哈希表,,
693,binary-number-with-alternating-bits,,1,False,交替位二进制数,位运算,,
694,number-of-distinct-islands,,2,True,不同岛屿的数量,深度优先搜索;哈希表,,
695,max-area-of-island,,2,False,岛屿的最大面积,深度优先搜索;数组,,
696,count-binary-substrings,,1,False,计数二进制子串,字符串,,
697,degree-of-an-array,,1,False,数组的度,数组,,
698,partition-to-k-equal-sum-subsets,,2,False,划分为k个相等的子集,递归;动态规划,,
699,falling-squares,,3,False,掉落的方块,线段树,,
711,number-of-distinct-islands-ii,,3,True,不同岛屿的数量 II,深度优先搜索;哈希表,,
712,minimum-ascii-delete-sum-for-two-strings,,2,False,两个字符串的最小ASCII删除和,动态规划,,
713,subarray-product-less-than-k,,2,False,乘积小于K的子数组,数组;双指针,,
714,best-time-to-buy-and-sell-stock-with-transaction-fee,,2,False,买卖股票的最佳时机含手续费,贪心算法;数组;动态规划,,
715,range-module,,3,False,Range 模块,线段树,,
716,max-stack,,1,True,最大栈,设计,,
717,1-bit-and-2-bit-characters,,1,False,1比特与2比特字符,数组,,
718,maximum-length-of-repeated-subarray,,2,False,最长重复子数组,数组;哈希表;二分查找;动态规划,,
719,find-k-th-smallest-pair-distance,,3,False,找出第 k 小的距离对,堆;数组;二分查找,,
720,longest-word-in-dictionary,,1,False,词典中最长的单词,字典树;哈希表,,
721,accounts-merge,,2,False,账户合并,深度优先搜索;并查集,,
722,remove-comments,,2,False,删除注释,字符串,,
723,candy-crush,,2,True,粉碎糖果,数组;双指针,,
724,find-pivot-index,,1,False,寻找数组的中心索引,数组,,
725,split-linked-list-in-parts,,2,False,分隔链表,链表,,
726,number-of-atoms,,3,False,原子的数量,栈;递归;哈希表,,
727,minimum-window-subsequence,,3,True,最小窗口子序列,动态规划,,
728,self-dividing-numbers,,1,False,自除数,数学,,
729,my-calendar-i,,2,False,我的日程安排表 I,数组,,
730,count-different-palindromic-subsequences,,3,False,统计不同回文子序列,字符串;动态规划,,
731,my-calendar-ii,,2,False,我的日程安排表 II,,,
732,my-calendar-iii,,3,False,我的日程安排表 III,线段树,,
733,flood-fill,,1,False,图像渲染,深度优先搜索,,
734,sentence-similarity,,1,True,句子相似性,哈希表,,
735,asteroid-collision,,2,False,行星碰撞,栈,,
736,parse-lisp-expression,,3,False,Lisp 语法解析,字符串,,
737,sentence-similarity-ii,,2,True,句子相似性 II,深度优先搜索;并查集,,
738,monotone-increasing-digits,,2,False,单调递增的数字,贪心算法,,
739,daily-temperatures,ac,2,False,每日温度,栈;哈希表,53106381,java
740,delete-and-earn,,2,False,删除与获得点数,动态规划,,
741,cherry-pickup,,3,False,摘樱桃,动态规划,,
742,to-lower-case,,1,False,转换成小写字母,字符串,,
743,closest-leaf-in-a-binary-tree,,2,True,二叉树最近的叶节点,树,,
744,network-delay-time,ac,2,False,网络延迟时间,堆;深度优先搜索;广度优先搜索;图,64382404,python3
745,find-smallest-letter-greater-than-target,,1,False,寻找比目标字母大的最小字母,二分查找,,
746,prefix-and-suffix-search,,3,False,前缀和后缀搜索,字典树,,
747,min-cost-climbing-stairs,,1,False,使用最小花费爬楼梯,数组;动态规划,,
748,largest-number-at-least-twice-of-others,,1,False,至少是其他数字两倍的最大数,数组,,
749,shortest-completing-word,,1,False,最短完整词,哈希表,,
750,contain-virus,,3,False,隔离病毒,深度优先搜索,,
751,number-of-corner-rectangles,,2,True,角矩形的数量,动态规划,,
752,ip-to-cidr,,1,True,IP 到 CIDR,位运算,,
753,open-the-lock,,2,False,打开转盘锁,广度优先搜索,,
754,cracking-the-safe,,3,False,破解保险箱,深度优先搜索;数学,,
755,reach-a-number,,2,False,到达终点数字,数学,,
756,pour-water,,2,True,倒水,数组,,
757,pyramid-transition-matrix,,2,False,金字塔转换矩阵,位运算;深度优先搜索,,
758,convert-binary-search-tree-to-sorted-doubly-linked-list,,2,True,将二叉搜索树转化为排序的双向链表,树;链表;分治算法,,
759,set-intersection-size-at-least-two,,3,False, 设置交集大小至少为2,贪心算法,,
760,bold-words-in-string,,1,True,字符串中的加粗单词,字符串,,
761,employee-free-time,,3,True,员工空闲时间,堆;贪心算法,,
762,find-anagram-mappings,,1,True,找出变位映射,哈希表,,
763,special-binary-string,,3,False,特殊的二进制序列,递归;字符串,,
764,n-ary-tree-level-order-traversal,,2,False,N叉树的层序遍历,树;广度优先搜索,,
765,serialize-and-deserialize-n-ary-tree,,3,True,序列化和反序列化 N 叉树,树,,
766,flatten-a-multilevel-doubly-linked-list,,2,False,扁平化多级双向链表,深度优先搜索;链表,,
767,prime-number-of-set-bits-in-binary-representation,,1,False,二进制表示中质数个计算置位,位运算,,
768,partition-labels,,2,False,划分字母区间,贪心算法;双指针,,
769,largest-plus-sign,,2,False,最大加号标志,动态规划,,
770,couples-holding-hands,,3,False,情侣牵手,贪心算法;并查集;图,,
771,encode-n-ary-tree-to-binary-tree,,3,True,将 N 叉树编码为二叉树,树,,
772,construct-quad-tree,,2,False,建立四叉树,,,
773,logical-or-of-two-binary-grids-represented-as-quad-trees,,2,False,四叉树交集,,,
774,maximum-depth-of-n-ary-tree,,1,False,N叉树的最大深度,树;深度优先搜索;广度优先搜索,,
775,n-ary-tree-preorder-traversal,,1,False,N叉树的前序遍历,树,,
776,n-ary-tree-postorder-traversal,,1,False,N叉树的后序遍历,树,,
777,toeplitz-matrix,,1,False,托普利茨矩阵,数组,,
778,reorganize-string,,2,False,重构字符串,堆;贪心算法;排序;字符串,,
779,max-chunks-to-make-sorted-ii,,3,False,最多能完成排序的块 II,数组,,
780,max-chunks-to-make-sorted,,2,False,最多能完成排序的块,数组,,
781,basic-calculator-iv,,3,False,基本计算器 IV,栈;哈希表;字符串,,
782,jewels-and-stones,,1,False,宝石与石头,哈希表,,
783,search-in-a-binary-search-tree,,1,False,二叉搜索树中的搜索,树,,
784,insert-into-a-binary-search-tree,ac,2,False,二叉搜索树中的插入操作,树,55766260,java
785,basic-calculator-iii,,3,True,基本计算器 III,栈;字符串,,
786,search-in-a-sorted-array-of-unknown-size,,2,True,搜索长度未知的有序数组,二分查找,,
787,sliding-puzzle,,3,False,滑动谜题,广度优先搜索,,
788,minimize-max-distance-to-gas-station,,3,True,最小化去加油站的最大距离,二分查找,,
789,kth-largest-element-in-a-stream,ac,1,False,数据流中的第K大元素,堆,59419734,java
790,global-and-local-inversions,,2,False,全局倒置与局部倒置,数组;数学,,
791,split-bst,,2,True,拆分二叉搜索树,树;递归,,
792,binary-search,,1,False,二分查找,二分查找,,
793,swap-adjacent-in-lr-string,,2,False,在LR字符串中交换相邻字符,脑筋急转弯,,
794,swim-in-rising-water,,3,False,水位上升的泳池中游泳,堆;深度优先搜索;并查集;二分查找,,
795,k-th-symbol-in-grammar,,2,False,第K个语法符号,递归,,
796,reaching-points,,3,False,到达终点,数学,,
797,rabbits-in-forest,,2,False,森林中的兔子,哈希表;数学,,
798,transform-to-chessboard,,3,False,变为棋盘,数组;数学,,
799,minimum-distance-between-bst-nodes,,1,False,二叉搜索树节点最小距离,树;递归,,
800,letter-case-permutation,,1,False,字母大小写全排列,位运算;回溯算法,,
801,is-graph-bipartite,,2,False,判断二分图,深度优先搜索;广度优先搜索;图,,
802,k-th-smallest-prime-fraction,,3,False,第 K 个最小的素数分数,堆;二分查找,,
803,cheapest-flights-within-k-stops,,2,False,K 站中转内最便宜的航班,堆;广度优先搜索;动态规划,,
804,rotated-digits,,1,False,旋转数字,字符串,,
805,escape-the-ghosts,,2,False,逃脱阻碍者,数学,,
806,domino-and-tromino-tiling,,2,False,多米诺和托米诺平铺,动态规划,,
807,custom-sort-string,,2,False,自定义字符串排序,字符串,,
808,number-of-matching-subsequences,,2,False,匹配子序列的单词数,数组,,
809,preimage-size-of-factorial-zeroes-function,,3,False,阶乘函数后K个零,二分查找,,
810,valid-tic-tac-toe-state,,2,False,有效的井字游戏,递归;数学,,
811,number-of-subarrays-with-bounded-maximum,,2,False,区间子数组个数,数组,,
812,rotate-string,,1,False,旋转字符串,,,
813,all-paths-from-source-to-target,,2,False,所有可能的路径,,,
814,smallest-rotation-with-highest-score,,3,False,得分最高的最小轮调,,,
815,champagne-tower,,2,False,香槟塔,,,
816,design-hashset,,1,False,设计哈希集合,设计;哈希表,,
817,design-hashmap,,1,False,设计哈希映射,设计;哈希表,,
818,similar-rgb-color,,1,True,相似 RGB 颜色,数学;字符串,,
819,minimum-swaps-to-make-sequences-increasing,,2,False,使序列递增的最小交换次数,动态规划,,
820,find-eventual-safe-states,,2,False,找到最终的安全状态,深度优先搜索;图,,
821,bricks-falling-when-hit,,3,False,打砖块,并查集,,
822,unique-morse-code-words,,1,False,唯一摩尔斯密码词,字符串,,
823,split-array-with-same-average,,3,False,数组的均值分割,数学,,
824,number-of-lines-to-write-string,,1,False,写字符串需要的行数,,,
825,max-increase-to-keep-city-skyline,,2,False,保持城市天际线,,,
826,soup-servings,,2,False,分汤,动态规划,,
827,expressive-words,,2,False,情感丰富的文字,字符串,,
828,chalkboard-xor-game,,3,False,黑板异或游戏,数学,,
829,subdomain-visit-count,,1,False,子域名访问计数,哈希表,,
830,largest-triangle-area,,1,False,最大三角形面积,数学,,
831,largest-sum-of-averages,,2,False,最大平均值和的分组,动态规划,,
832,binary-tree-pruning,ac,2,False,二叉树剪枝,树,55459800,java
833,bus-routes,,3,False,公交路线,广度优先搜索,,
834,ambiguous-coordinates,,2,False,模糊坐标,字符串,,
835,linked-list-components,,2,False,链表组件,链表,,
836,race-car,,3,False,赛车,堆;动态规划,,
837,most-common-word,,1,False,最常见的单词,字符串,,
838,design-linked-list,ac,2,False,设计链表,设计;链表,50772115,java
839,short-encoding-of-words,,2,False,单词的压缩编码,,,
841,shortest-distance-to-a-character,,1,False,字符的最短距离,,,
842,card-flipping-game,,2,False,翻转卡片游戏,,,
843,binary-trees-with-factors,,2,False,带因子的二叉树,,,
850,insert-into-a-sorted-circular-linked-list,,2,True,循环有序列表的插入,链表,,
851,goat-latin,,1,False,山羊拉丁文,字符串,,
852,friends-of-appropriate-ages,,2,False,适龄的朋友,数组,,
853,most-profit-assigning-work,,2,False,安排工作以达到最大收益,双指针,,
854,making-a-large-island,,3,False,最大人工岛,深度优先搜索,,
855,count-unique-characters-of-all-substrings-of-a-given-string,,3,False,统计子串中的唯一字符,双指针,,
856,consecutive-numbers-sum,,3,False,连续整数求和,数学,,
857,positions-of-large-groups,,1,False,较大分组的位置,数组,,
858,masking-personal-information,,2,False,隐藏个人信息,字符串,,
859,design-circular-deque,,2,False,设计循环双端队列,设计;队列,,
860,design-circular-queue,ac,2,False,设计循环队列,设计;队列,53294109,java
861,flipping-an-image,,1,False,翻转图像,数组,,
862,find-and-replace-in-string,,2,False,字符串中的查找与替换,字符串,,
863,sum-of-distances-in-tree,,3,False,树中距离之和,树;深度优先搜索,,
864,image-overlap,,2,False,图像重叠,数组,,
865,robot-room-cleaner,,3,True,扫地机器人,深度优先搜索,,
866,rectangle-overlap,ac,1,False,矩形重叠,数学,54634987,java
867,new-21-game,,2,False,新21点,动态规划,,
868,push-dominoes,,2,False,推多米诺,双指针;动态规划,,
869,similar-string-groups,,3,False,相似字符串组,深度优先搜索;并查集;图,,
870,magic-squares-in-grid,,1,False,矩阵中的幻方,数组,,
871,keys-and-rooms,,2,False,钥匙和房间,深度优先搜索;图,,
872,split-array-into-fibonacci-sequence,,2,False,将数组拆分成斐波那契序列,贪心算法;字符串;回溯算法,,
873,guess-the-word,,3,False,猜猜这个单词,极小化极大,,
874,backspace-string-compare,,1,False,比较含退格的字符串,栈;双指针,,
875,longest-mountain-in-array,,2,False,数组中的最长山脉,双指针,,
876,hand-of-straights,,2,False,一手顺子,,,
877,shortest-path-visiting-all-nodes,,3,False,访问所有节点的最短路径,广度优先搜索;动态规划,,
878,shifting-letters,,2,False,字母移位,字符串,,
879,maximize-distance-to-closest-person,,1,False,到最近的人的最大距离,数组,,
880,rectangle-area-ii,,3,False,矩形面积 II,线段树,,
881,loud-and-rich,,2,False,喧闹和富有,深度优先搜索,,
882,peak-index-in-a-mountain-array,,1,False,山脉数组的峰顶索引,二分查找,,
883,car-fleet,,2,False,车队,排序,,
884,k-similar-strings,,3,False,相似度为 K 的字符串,广度优先搜索;图,,
885,exam-room,,2,False,考场就座,,,
886,score-of-parentheses,,2,False,括号的分数,栈;字符串,,
887,minimum-cost-to-hire-k-workers,,3,False,雇佣 K 名工人的最低成本,堆,,
888,mirror-reflection,,2,False,镜面反射,数学,,
889,buddy-strings,,1,False,亲密字符串,字符串,,
890,lemonade-change,,1,False,柠檬水找零,贪心算法,,
891,score-after-flipping-matrix,,2,False,翻转矩阵后的得分,贪心算法,,
892,shortest-subarray-with-sum-at-least-k,,3,False,和至少为 K 的最短子数组,队列;二分查找,,
893,all-nodes-distance-k-in-binary-tree,ac,2,False,二叉树中所有距离为 K 的结点,树;深度优先搜索;广度优先搜索,52493826,python3
894,random-pick-with-blacklist,,3,False,黑名单中的随机数,排序;哈希表;二分查找,,
895,shortest-path-to-get-all-keys,,3,False,获取所有钥匙的最短路径,堆;广度优先搜索,,
896,smallest-subtree-with-all-the-deepest-nodes,,2,False,具有所有最深结点的最小子树,树,,
897,prime-palindrome,,2,False,回文素数,数学,,
898,transpose-matrix,,1,False,转置矩阵,数组,,
899,binary-gap,,1,False,二进制间距,数学,,
900,reordered-power-of-2,,2,False,重新排序得到 2 的幂,数学,,
901,advantage-shuffle,,2,False,优势洗牌,贪心算法;数组,,
902,minimum-number-of-refueling-stops,,3,False,最低加油次数,堆;动态规划,,
903,implement-rand10-using-rand7,,2,False,用 Rand7() 实现 Rand10(),,,
904,leaf-similar-trees,,1,False,叶子相似的树,树;深度优先搜索,,
905,length-of-longest-fibonacci-subsequence,,2,False,最长的斐波那契子序列的长度,数组;动态规划,,
906,walking-robot-simulation,,1,False,模拟行走机器人,贪心算法,,
907,koko-eating-bananas,,2,False,爱吃香蕉的珂珂,二分查找,,
908,middle-of-the-linked-list,ac,1,False,链表的中间结点,链表,56064435,python3
909,stone-game,,2,False,石子游戏,极小化极大;数学;动态规划,,
910,nth-magical-number,,3,False,第 N 个神奇数字,数学;二分查找,,
911,profitable-schemes,,3,False,盈利计划,动态规划,,
912,random-pick-with-weight,,2,False,按权重随机选择,二分查找,,
913,random-flip-matrix,,2,False,随机翻转矩阵,,,
914,random-point-in-non-overlapping-rectangles,,2,False,非重叠矩形中的随机点,二分查找,,
915,generate-random-point-in-a-circle,,2,False,在圆内随机生成点,数学,,
916,decoded-string-at-index,,2,False,索引处的解码字符串,栈,,
917,boats-to-save-people,,2,False,救生艇,贪心算法;双指针,,
918,reachable-nodes-in-subdivided-graph,,3,False,细分图中的可到达结点,堆,,
919,projection-area-of-3d-shapes,,1,False,三维形体投影面积,数学,,
920,uncommon-words-from-two-sentences,,1,False,两句话中的不常见单词,哈希表,,
921,spiral-matrix-iii,,2,False,螺旋矩阵 III,数学,,
922,possible-bipartition,,2,False,可能的二分法,深度优先搜索,,
923,super-egg-drop,,3,False,鸡蛋掉落,数学;二分查找;动态规划,,
924,fair-candy-swap,,1,False,公平的糖果交换,数组,,
925,construct-binary-tree-from-preorder-and-postorder-traversal,,2,False,根据前序和后序遍历构造二叉树,树,,
926,find-and-replace-pattern,,2,False,查找和替换模式,字符串,,
927,sum-of-subsequence-widths,,3,False,子序列宽度之和,数组;数学,,
928,surface-area-of-3d-shapes,ac,1,False,三维形体的表面积,几何;数学,56890112,java
929,groups-of-special-equivalent-strings,,1,False,特殊等价字符串组,字符串,,
930,all-possible-full-binary-trees,,2,False,所有可能的满二叉树,树;递归,,
931,maximum-frequency-stack,,3,False,最大频率栈,栈;哈希表,,
932,monotonic-array,,1,False,单调数列,数组,,
933,increasing-order-search-tree,,1,False,递增顺序查找树,树;深度优先搜索,,
934,bitwise-ors-of-subarrays,,2,False,子数组按位或操作,位运算;动态规划,,
935,orderly-queue,,3,False,有序队列,数学;字符串,,
936,rle-iterator,,2,False,RLE 迭代器,数组,,
937,online-stock-span,,2,False,股票价格跨度,栈,,
938,numbers-at-most-n-given-digit-set,,3,False,最大为 N 的数字组合,数学;动态规划,,
939,valid-permutations-for-di-sequence,,3,False,DI 序列的有效排列,分治算法;动态规划,,
940,fruit-into-baskets,,2,False,水果成篮,双指针,,
941,sort-array-by-parity,,1,False,按奇偶排序数组,数组,,
942,super-palindromes,,3,False,超级回文数,数学,,
943,sum-of-subarray-minimums,,2,False,子数组的最小值之和,栈;数组,,
944,smallest-range-i,,1,False,最小差值 I,数学,,
945,snakes-and-ladders,,2,False,蛇梯棋,广度优先搜索,,
946,smallest-range-ii,,2,False,最小差值 II,贪心算法;数学,,
947,online-election,,2,False,在线选举,二分查找,,
948,sort-an-array,,2,False,排序数组,,,
949,cat-and-mouse,,3,False,猫和老鼠,广度优先搜索;极小化极大,,
950,x-of-a-kind-in-a-deck-of-cards,,1,False,卡牌分组,数组;数学,,
951,partition-array-into-disjoint-intervals,,2,False,分割数组,数组,,
952,word-subsets,,2,False,单词子集,字符串,,
953,reverse-only-letters,,1,False,仅仅反转字母,字符串,,
954,maximum-sum-circular-subarray,,2,False,环形子数组的最大和,数组,,
955,complete-binary-tree-inserter,,2,False,完全二叉树插入器,树,,
956,number-of-music-playlists,,3,False,播放列表的数量,动态规划,,
957,minimum-add-to-make-parentheses-valid,,2,False,使括号有效的最少添加,栈;贪心算法,,
958,sort-array-by-parity-ii,,1,False,按奇偶排序数组 II,排序;数组,,
959,3sum-with-multiplicity,,2,False,三数之和的多种可能,双指针,,
960,minimize-malware-spread,,3,False,尽量减少恶意软件的传播,深度优先搜索;并查集,,
961,long-pressed-name,,1,False,长按键入,双指针;字符串,,
962,flip-string-to-monotone-increasing,,2,False,将字符串翻转到单调递增,数组,,
963,three-equal-parts,,3,False,三等分,贪心算法;数学;二分查找,,
964,minimize-malware-spread-ii,,3,False,尽量减少恶意软件的传播 II,深度优先搜索;并查集;图,,
965,unique-email-addresses,,1,False,独特的电子邮件地址,字符串,,
966,binary-subarrays-with-sum,,2,False,和相同的二元子数组,哈希表;双指针,,
967,minimum-falling-path-sum,,2,False,下降路径最小和,动态规划,,
968,beautiful-array,,2,False,漂亮数组,分治算法,,
969,number-of-recent-calls,,1,False,最近的请求次数,队列,,
971,shortest-bridge,,2,False,最短的桥,深度优先搜索;广度优先搜索,,
972,knight-dialer,,2,False,骑士拨号器,动态规划,,
973,stamping-the-sequence,,3,False,戳印序列,贪心算法;字符串,,
974,reorder-data-in-log-files,,1,False,重新排列日志文件,字符串,,
975,range-sum-of-bst,,1,False,二叉搜索树的范围和,树;递归,,
976,minimum-area-rectangle,,2,False,最小面积矩形,哈希表,,
977,distinct-subsequences-ii,,3,False,不同的子序列 II,动态规划,,
978,valid-mountain-array,,1,False,有效的山脉数组,数组,,
979,di-string-match,,1,False,增减字符串匹配,数学,,
980,find-the-shortest-superstring,,3,False,最短超级串,动态规划,,
981,delete-columns-to-make-sorted,,1,False,删列造序,贪心算法,,
982,minimum-increment-to-make-array-unique,,2,False,使数组唯一的最小增量,数组,,
983,validate-stack-sequences,ac,2,False,验证栈序列,栈,52740008,python3
984,most-stones-removed-with-same-row-or-column,,2,False,移除最多的同行或同列石头,深度优先搜索;并查集,,
985,bag-of-tokens,,2,False,令牌放置,贪心算法,,
986,largest-time-for-given-digits,,1,False,给定数字能组成的最大时间,数学,,
987,reveal-cards-in-increasing-order,,2,False,按递增顺序显示卡牌,数组,,
988,flip-equivalent-binary-trees,,2,False,翻转等价二叉树,树,,
989,largest-component-size-by-common-factor,,3,False,按公因数计算最大组件大小,并查集;数学,,
990,verifying-an-alien-dictionary,,1,False,验证外星语词典,哈希表,,
991,array-of-doubled-pairs,,2,False,二倍数对数组,数组;哈希表,,
992,delete-columns-to-make-sorted-ii,,2,False,删列造序 II,贪心算法,,
993,tallest-billboard,,3,False,最高的广告牌,动态规划,,
994,prison-cells-after-n-days,,2,False,N 天后的牢房,哈希表,,
998,check-completeness-of-a-binary-tree,,2,False,二叉树的完全性检验,树,,
999,regions-cut-by-slashes,,2,False,由斜杠划分区域,深度优先搜索;并查集;图,,
1000,delete-columns-to-make-sorted-iii,,3,False,删列造序 III,动态规划,,
1001,n-repeated-element-in-size-2n-array,,1,False,重复 N 次的元素,哈希表,,
1002,maximum-width-ramp,,2,False,最大宽度坡,数组,,
1003,minimum-area-rectangle-ii,,2,False,最小面积矩形 II,几何;数学,,
1004,least-operators-to-express-number,,3,False,表示数字的最少运算符,数学;动态规划,,
1005,univalued-binary-tree,,1,False,单值二叉树,树,,
1006,vowel-spellchecker,,2,False,元音拼写检查器,哈希表;字符串,,
1007,numbers-with-same-consecutive-differences,,2,False,连续差相同的数字,动态规划,,
1008,binary-tree-cameras,,3,False,监控二叉树,树;深度优先搜索;动态规划,,
1009,pancake-sorting,,2,False,煎饼排序,排序;数组,,
1010,powerful-integers,,1,False,强整数,哈希表;数学,,
1011,flip-binary-tree-to-match-preorder-traversal,,2,False,翻转二叉树以匹配先序遍历,树;深度优先搜索,,
1012,equal-rational-numbers,,3,False,相等的有理数,数学,,
1013,fibonacci-number,,1,False,斐波那契数,数组,,
1014,k-closest-points-to-origin,,2,False,最接近原点的 K 个点,堆;排序;分治算法,,
1016,subarray-sums-divisible-by-k,,2,False,和可被 K 整除的子数组,数组;哈希表,,
1017,odd-even-jump,,3,False,奇偶跳,栈;动态规划,,
1018,largest-perimeter-triangle,,1,False,三角形的最大周长,排序;数学,,
1019,squares-of-a-sorted-array,,1,False,有序数组的平方,数组;双指针,,
1020,longest-turbulent-subarray,,2,False,最长湍流子数组,数组;动态规划,,
1021,distribute-coins-in-binary-tree,,2,False,在二叉树中分配硬币,树;深度优先搜索,,
1022,unique-paths-iii,,3,False,不同路径 III,深度优先搜索;回溯算法,,
1023,time-based-key-value-store,,2,False,基于时间的键值存储,哈希表;二分查找,,
1024,triples-with-bitwise-and-equal-to-zero,,3,False,按位与为零的三元组,动态规划,,
1025,minimum-cost-for-tickets,,2,False,最低票价,动态规划,,
1026,string-without-aaa-or-bbb,,2,False,不含 AAA 或 BBB 的字符串,贪心算法,,
1027,sum-of-even-numbers-after-queries,,1,False,查询后的偶数和,数组,,
1028,interval-list-intersections,ac,2,False,区间列表的交集,双指针,57234183,java
1029,vertical-order-traversal-of-a-binary-tree,,2,False,二叉树的垂序遍历,树;哈希表,,
1030,smallest-string-starting-from-leaf,,2,False,从叶结点开始的最小字符串,树;深度优先搜索,,
1031,add-to-array-form-of-integer,,1,False,数组形式的整数加法,数组,,
1032,satisfiability-of-equality-equations,,2,False,等式方程的可满足性,并查集;图,,
1033,broken-calculator,,2,False,坏了的计算器,贪心算法;数学,,
1034,subarrays-with-k-different-integers,,3,False,K 个不同整数的子数组,哈希表;双指针,,
1035,cousins-in-binary-tree,,1,False,二叉树的堂兄弟节点,树;广度优先搜索,,
1036,rotting-oranges,,2,False,腐烂的橘子,广度优先搜索,,
1037,minimum-number-of-k-consecutive-bit-flips,,3,False,K 连续位的最小翻转次数,贪心算法,,
1038,number-of-squareful-arrays,,3,False,正方形数组的数目,图;数学;回溯算法,,
1039,find-the-town-judge,ac,1,False,找到小镇的法官,图,63106099,java
1040,maximum-binary-tree-ii,,2,False,最大二叉树 II,树,,
1041,available-captures-for-rook,,1,False,可以被一步捕获的棋子数,数组,,
1042,minimum-cost-to-merge-stones,,3,False,合并石头的最低成本,动态规划,,
1043,grid-illumination,,3,False,网格照明,哈希表,,
1044,find-common-characters,,1,False,查找常用字符,数组;哈希表,,
1045,check-if-word-is-valid-after-substitutions,,2,False,检查替换后的词是否有效,栈;字符串,,
1046,max-consecutive-ones-iii,,2,False,最大连续1的个数 III,双指针,,
1047,maximize-sum-of-array-after-k-negations,,1,False,K 次取反后最大化的数组和,贪心算法,,
1048,clumsy-factorial,,2,False,笨阶乘,数学,,
1049,minimum-domino-rotations-for-equal-row,,2,False,行相等的最少多米诺旋转,贪心算法;数组,,
1050,construct-binary-search-tree-from-preorder-traversal,,2,False,先序遍历构造二叉树,树,,
1051,shortest-way-to-form-string,,2,True,形成字符串的最短路径,贪心算法;动态规划,,
1052,campus-bikes,,2,True,校园自行车分配,贪心算法;排序,,
1053,minimize-rounding-error-to-meet-target,,2,True,最小化舍入误差以满足目标,贪心算法;数学;动态规划,,
1054,complement-of-base-10-integer,,1,False,十进制整数的反码,数学,,
1055,pairs-of-songs-with-total-durations-divisible-by-60,,1,False,总持续时间可被 60 整除的歌曲,数组,,
1056,capacity-to-ship-packages-within-d-days,,2,False,在 D 天内送达包裹的能力,数组;二分查找,,
1057,numbers-with-repeated-digits,,3,False,至少有 1 位重复的数字,数学;动态规划,,
1058,lexicographically-smallest-equivalent-string,,2,True,按字典序排列最小的等效字符串,深度优先搜索;并查集,,
1059,missing-element-in-sorted-array,,2,True,有序数组中的缺失元素,二分查找,,
1060,longest-repeating-substring,,2,True,最长重复子串,字符串,,
1061,number-of-valid-subarrays,,3,True,有效子数组的数目,栈,,
1062,partition-array-into-three-parts-with-equal-sum,,1,False,将数组分成和相等的三个部分,数组,,
1063,best-sightseeing-pair,,2,False,最佳观光组合,数组,,
1064,smallest-integer-divisible-by-k,,2,False,可被 K 整除的最小整数,数学,,
1065,binary-string-with-substrings-representing-1-to-n,,2,False,子串能表示从 1 到 N 数字的二进制串,字符串,,
1066,fixed-point,,1,True,不动点,数组;二分查找,,
1067,campus-bikes-ii,,2,True,校园自行车分配 II,动态规划;回溯算法,,
1068,digit-count-in-range,,3,True,范围内的数字计数,数学;动态规划,,
1069,confusing-number,,1,True,易混淆数,数学,,
1070,convert-to-base-2,,2,False,负二进制转换,数学,,
1071,binary-prefix-divisible-by-5,,1,False,可被 5 整除的二进制前缀,数组,,
1072,next-greater-node-in-linked-list,,2,False,链表中的下一个更大节点,栈;链表,,
1073,number-of-enclaves,,2,False,飞地的数量,深度优先搜索,,
1074,high-five,,1,True,前五科的均分,排序;数组;哈希表,,
1075,index-pairs-of-a-string,,1,True,字符串的索引对,字典树;字符串,,
1076,brace-expansion,,2,True,字母切换,回溯算法,,
1077,confusing-number-ii,,3,True,易混淆数 II,数学;回溯算法,,
1078,remove-outermost-parentheses,,1,False,删除最外层的括号,栈,,
1079,sum-of-root-to-leaf-binary-numbers,,1,False,从根到叶的二进制数之和,树,,
1080,camelcase-matching,,2,False,驼峰式匹配,字典树;字符串,,
1081,video-stitching,,2,False,视频拼接,动态规划,,
1082,sum-of-digits-in-the-minimum-number,,1,True,最小元素各数位之和,数组,,
1083,two-sum-less-than-k,,1,True,小于 K 的两数之和,数组,,
1084,find-k-length-substrings-with-no-repeated-characters,,2,True,长度为 K 的无重复字符子串,字符串,,
1085,the-earliest-moment-when-everyone-become-friends,,2,True,彼此熟识的最早时间,并查集,,
1086,divisor-game,,1,False,除数博弈,数学;动态规划,,
1087,longest-arithmetic-sequence,,2,False,最长等差数列,动态规划,,
1088,number-of-days-in-a-month,,1,True,一月有多少天,,,
1089,remove-vowels-from-a-string,,1,True,删去字符串中的元音,字符串,,
1090,armstrong-number,,1,True,阿姆斯特朗数,数学,,
1091,maximum-average-subtree,ac,2,True,子树的最大平均值,树,54883496,python3
1092,maximum-difference-between-node-and-ancestor,,2,False,节点与其祖先之间的最大差值,树;深度优先搜索,,
1093,recover-a-tree-from-preorder-traversal,,3,False,从先序遍历还原二叉树,树;深度优先搜索,,
1094,matrix-cells-in-distance-order,,1,False,距离顺序排列矩阵单元格,排序,,
1095,two-city-scheduling,,1,False,两地调度,贪心算法,,
1096,maximum-sum-of-two-non-overlapping-subarrays,,2,False,两个非重叠子数组的最大和,数组,,
1097,stream-of-characters,,3,False,字符流,字典树,,
1098,largest-unique-number,,1,True,最大唯一数,数组;哈希表,,
1099,path-with-maximum-minimum-value,,2,True,得分最高的路径,深度优先搜索;并查集;图,,
1100,connecting-cities-with-minimum-cost,ac,2,True,最低成本联通所有城市,并查集;图,64626515,python3
1101,parallel-courses,,3,True,平行课程,深度优先搜索;图;动态规划,,
1102,check-if-a-number-is-majority-element-in-a-sorted-array,,1,True,检查一个数是否在数组中占绝大多数,数组;二分查找,,
1103,moving-stones-until-consecutive,,1,False,移动石子直到连续,脑筋急转弯,,
1104,coloring-a-border,,2,False,边框着色,深度优先搜索,,
1105,uncrossed-lines,,2,False,不相交的线,数组,,
1106,escape-a-large-maze,,3,False,逃离大迷宫,广度优先搜索,,
1107,minimum-swaps-to-group-all-1s-together,,2,True,最少交换次数来组合所有的 1,数组,,
1108,analyze-user-website-visit-pattern,,2,True,用户网站访问行为分析,排序;数组;哈希表,,
1111,minimum-score-triangulation-of-polygon,,2,False,多边形三角剖分的最低得分,动态规划,,
1112,find-words-that-can-be-formed-by-characters,,1,False,拼写单词,数组;哈希表,,
1113,moving-stones-until-consecutive-ii,,2,False,移动石子直到连续 II,数组,,
1114,binary-search-tree-to-greater-sum-tree,ac,2,False,从二叉搜索树到更大和树,二叉搜索树,57226232,java
1115,valid-boomerang,,1,False,有效的回旋镖,数学,,
1116,maximum-level-sum-of-a-binary-tree,ac,2,False,最大层内元素和,图,63654431,python
1117,as-far-from-land-as-possible,,2,False,地图分析,广度优先搜索;图,,
1118,divide-array-into-increasing-sequences,,3,True,将数组分成几个递增序列,数学,,
1119,robot-bounded-in-circle,,2,False,困于环中的机器人,数学,,
1120,flower-planting-with-no-adjacent,,1,False,不邻接植花,图,,
1121,partition-array-for-maximum-sum,,2,False,分隔数组以得到最大和,图,,
1122,longest-duplicate-substring,,3,False,最长重复子串,哈希表;二分查找,,
1123,single-row-keyboard,,1,True,单行键盘,字符串,,
1124,string-transforms-into-another-string,,3,True,字符串转化,图,,
1125,design-file-system,,2,True,设计文件系统,设计;哈希表,,
1126,minimum-cost-to-connect-sticks,,2,True,连接棒材的最低费用,贪心算法,,
1127,last-stone-weight,ac,1,False,最后一块石头的重量,堆;贪心算法,59921818,java
1128,remove-all-adjacent-duplicates-in-string,,1,False,删除字符串中的所有相邻重复项,栈,,
1129,longest-string-chain,,2,False,最长字符串链,哈希表;动态规划,,
1130,last-stone-weight-ii,,2,False,最后一块石头的重量 II,动态规划,,
1131,count-substrings-with-only-one-distinct-letter,,1,True,统计只含单一字母的子串,数学;字符串,,
1132,before-and-after-puzzle,,2,True,前后拼接,字符串,,
1133,last-substring-in-lexicographical-order,,3,False,按字典序排在最后的子串,字符串,,
1134,shortest-distance-to-target-color,,2,True,与目标颜色间的最短距离,二分查找,,
1135,customers-who-bought-all-products,,2,True,买下所有产品的客户,,,
1136,actors-and-directors-who-cooperated-at-least-three-times,,1,True,合作过至少三次的演员和导演,,,
1137,height-checker,,1,False,高度检查器,数组,,
1138,grumpy-bookstore-owner,,2,False,爱生气的书店老板,数组,,
1139,previous-permutation-with-one-swap,,2,False,交换一次的先前排列,贪心算法;数组,,
1140,distant-barcodes,,2,False,距离相等的条形码,堆;排序,,
1141,how-many-apples-can-you-put-into-the-basket,,1,True,最多可以买到的苹果数量,贪心算法,,
1142,minimum-knight-moves,,2,True,进击的骑士,广度优先搜索,,
1143,find-smallest-common-element-in-all-rows,,2,True,找出所有行中最小公共元素,哈希表;二分查找,,
1144,optimize-water-distribution-in-a-village,,3,True,水资源分配优化,并查集;图,,
1145,number-of-submatrices-that-sum-to-target,,3,False,元素和为目标值的子矩阵数量,数组;动态规划,,
1146,greatest-common-divisor-of-strings,,1,False,字符串的最大公因子,字符串,,
1147,flip-columns-for-maximum-number-of-equal-rows,,2,False,按列翻转得到最大值等行数,哈希表,,
1148,adding-two-negabinary-numbers,,2,False,负二进制数相加,数学,,
1149,intersection-of-three-sorted-arrays,,1,True,三个有序数组的交集,哈希表;双指针,,
1150,two-sum-bsts,,2,True,查找两棵二叉搜索树之和,二叉搜索树,,
1151,stepping-numbers,,2,True,步进数,回溯算法,,
1152,maximum-number-of-ones,,3,True,矩阵中 1 的最大数量,排序;数学,,
1153,product-sales-analysis-i,,1,True,产品销售分析 I,,,
1154,product-sales-analysis-ii,,1,True,产品销售分析 II,,,
1155,product-sales-analysis-iii,,2,True,产品销售分析 III,,,
1156,occurrences-after-bigram,,1,False,Bigram 分词,哈希表,,
1157,insufficient-nodes-in-root-to-leaf-paths,ac,2,False,根到叶路径上的不足节点,深度优先搜索,63933634,python
1159,smallest-subsequence-of-distinct-characters,,2,False,不同字符的最小子序列,字符串,,
1160,letter-tile-possibilities,,2,False,活字印刷,回溯算法,,
1161,project-employees-i,,1,True,项目员工 I,,,
1162,project-employees-ii,,1,True,项目员工II,,,
1163,project-employees-iii,,2,True,项目员工 III,,,
1164,missing-number-in-arithmetic-progression,,1,True,等差数列中缺失的数字,数学,,
1165,meeting-scheduler,,2,True,安排会议日程,,,
1166,toss-strange-coins,,2,True,抛掷硬币,数学;动态规划,,
1167,minimum-time-to-build-blocks,,3,True,建造街区的最短时间,数学;动态规划,,
1168,duplicate-zeros,,1,False,复写零,数组,,
1169,largest-values-from-labels,,2,False,受标签影响的最大值,贪心算法;哈希表,,
1170,shortest-common-supersequence,,3,False,最短公共超序列,动态规划,,
1171,shortest-path-in-binary-matrix,,2,False,二进制矩阵中的最短路径,广度优先搜索,,
1172,sales-analysis-i,,1,True,销售分析 I ,,,
1173,sales-analysis-ii,,1,True,销售分析 II,,,
1174,sales-analysis-iii,,1,True,销售分析III,,,
1175,array-transformation,,1,True,数组变换,数组,,
1176,design-a-leaderboard,,2,True,力扣排行榜,排序;设计;哈希表,,
1177,tree-diameter,,2,True,树的直径,树;深度优先搜索;广度优先搜索,,
1178,valid-palindrome-iii,,3,True,验证回文字符串 III,字符串;动态规划,,
1179,game-play-analysis-i,,1,True,游戏玩法分析 I,,,
1180,game-play-analysis-ii,,1,True,游戏玩法分析 II,,,
1181,game-play-analysis-iii,,2,True,游戏玩法分析 III,,,
1182,game-play-analysis-iv,,2,True,游戏玩法分析 IV,,,
1183,statistics-from-a-large-sample,,2,False,大样本统计,数学;双指针,,
1184,car-pooling,,2,False,拼车,贪心算法,,
1185,find-in-mountain-array,,3,False,山脉数组中查找目标值,二分查找,,
1186,building-h2o,,2,False,H2O 生成,,,
1187,print-foobar-alternately,,2,False,交替打印FooBar,,,
1188,brace-expansion-ii,,3,False,花括号展开 II,字符串,,
1189,encode-number,,2,True,加密数字,位运算;数学,,
1190,smallest-common-region,,2,True,最小公共区域,树,,
1191,synonymous-sentences,,2,True,近义词句子,回溯算法,,
1192,divide-chocolate,,3,True,分享巧克力,贪心算法;二分查找,,
1193,game-play-analysis-v,,3,True,游戏玩法分析 V,,,
1194,path-in-zigzag-labelled-binary-tree,,2,False,二叉树寻路,树;数学,,
1195,distribute-candies-to-people,,1,False,分糖果 II,数学,,
1196,filling-bookcase-shelves,,2,False,填充书架,动态规划,,
1197,parsing-a-boolean-expression,,3,False,解析布尔表达式,字符串,,
1198,unpopular-books,,2,True,小众书籍,,,
1199,hexspeak,,1,True,十六进制魔术数字,数学;字符串,,
1200,remove-interval,,2,True,删除区间,数学,,
1201,delete-tree-nodes,,2,True,删除树节点,深度优先搜索;动态规划,,
1202,palindrome-removal,,3,True,删除回文子数组,动态规划,,
1203,print-in-order,,1,False,按序打印,,,
1204,new-users-daily-count,,2,True,每日新用户统计,,,
1205,defanging-an-ip-address,,1,False,IP 地址无效化,字符串,,
1206,corporate-flight-bookings,,2,False,航班预订统计,数组;数学,,
1207,delete-nodes-and-return-forest,,2,False,删点成林,树;深度优先搜索,,
1208,maximum-nesting-depth-of-two-valid-parentheses-strings,,2,False,有效括号的嵌套深度,贪心算法;二分查找,,
1209,design-bounded-blocking-queue,,2,True,设计有限阻塞队列,,,
1211,iterator-for-combination,,2,False,字母组合迭代器,设计;回溯算法,,
1212,sequential-digits,,2,False,顺次数,回溯算法,,
1213,handshakes-that-dont-cross,,3,True,不相交的握手,数学;动态规划,,
1214,highest-grade-for-each-student,,2,True,每位学生的最高成绩,,,
1215,reported-posts,,1,True,报告的记录,,,
1216,print-zero-even-odd,,2,False,打印零与奇偶数,,,
1217,relative-sort-array,,1,False,数组的相对排序,排序;数组,,
1218,lowest-common-ancestor-of-deepest-leaves,,2,False,最深叶节点的最近公共祖先,树;深度优先搜索,,
1219,longest-well-performing-interval,,2,False,表现良好的最长时间段,栈,,
1220,smallest-sufficient-team,,3,False,最小的必要团队,位运算;动态规划,,
1221,element-appearing-more-than-25-in-sorted-array,,1,False,有序数组中出现次数超过25%的元素,数组,,
1222,remove-covered-intervals,,2,False,删除被覆盖区间,,,
1224,minimum-falling-path-sum-ii,,3,False,下降路径最小和  II,动态规划,,
1225,active-businesses,,2,True,查询活跃业务,,,
1226,user-purchase-platform,,3,True,用户购买平台,,,
1227,number-of-equivalent-domino-pairs,,1,False,等价多米诺骨牌对的数量,数组,,
1228,minimum-cost-tree-from-leaf-values,,2,False,叶值的最小代价生成树,栈;树;动态规划,,
1229,shortest-path-with-alternating-colors,,2,False,颜色交替的最短路径,广度优先搜索;图,,
1230,maximum-of-absolute-value-expression,,2,False,绝对值表达式的最大值,位运算;数学,,
1231,replace-elements-with-greatest-element-on-right-side,,1,False,将每个元素替换为右侧最大元素,数组,,
1232,sum-of-mutated-array-closest-to-target,,2,False,转变数组后最接近目标值的数组和,数组;二分查找,,
1233,number-of-ships-in-a-rectangle,,3,True,矩形内船只的数目,分治算法,,
1234,number-of-paths-with-max-score,,3,False,最大得分的路径数目,动态规划,,
1236,n-th-tribonacci-number,,1,False,第 N 个泰波那契数,递归,,
1237,reported-posts-ii,,2,True,报告的记录 II,,,
1238,alphabet-board-path,,2,False,字母板上的路径,哈希表;字符串,,
1239,largest-1-bordered-square,,2,False,最大的以 1 为边界的正方形,动态规划,,
1240,stone-game-ii,,2,False,石子游戏 II,动态规划,,
1241,decompress-run-length-encoded-list,,1,False,解压缩编码列表,数组,,
1242,matrix-block-sum,,2,False,矩阵区域和,动态规划,,
1243,sum-of-nodes-with-even-valued-grandparent,,2,False,祖父节点值为偶数的节点和,树;深度优先搜索,,
1244,distinct-echo-substrings,,3,False,不同的循环子字符串,字符串,,
1245,user-activity-for-the-past-30-days-i,,1,True,查询近30天活跃用户数,,,
1246,user-activity-for-the-past-30-days-ii,,1,True,过去30天的用户活动 II,,,
1247,decrease-elements-to-make-array-zigzag,,2,False,递减元素使数组呈锯齿状,数组,,
1248,binary-tree-coloring-game,,2,False,二叉树着色游戏,树;深度优先搜索,,
1249,snapshot-array,,2,False,快照数组,数组,,
1250,longest-common-subsequence,,2,False,最长公共子序列,动态规划,,
1251,longest-chunked-palindrome-decomposition,,3,False,段式回文,动态规划,,
1252,break-a-palindrome,,2,False,破坏回文串,字符串,,
1253,sort-the-matrix-diagonally,,2,False,将矩阵按对角线排序,排序;数组,,
1254,deepest-leaves-sum,,2,False,层数最深叶子节点的和,树;深度优先搜索,,
1255,reverse-subarray-to-maximize-array-value,,3,False,翻转子数组得到最大的数组值,数组;数学,,
1256,rank-transform-of-an-array,,1,False,数组序号转换,数组,,
1258,article-views-i,,1,True,文章浏览 I,,,
1259,article-views-ii,,2,True,文章浏览 II,,,
1260,day-of-the-year,,1,False,一年中的第几天,数学,,
1261,swap-for-longest-repeated-character-substring,,2,False,单字符重复子串的最大长度,字符串,,
1262,online-majority-element-in-subarray,,3,False,子数组中占绝大多数的元素,线段树;数组;二分查找,,
1263,number-of-dice-rolls-with-target-sum,,2,False,掷骰子的N种方法,动态规划,,
1267,remove-zero-sum-consecutive-nodes-from-linked-list,,2,False,从链表中删去总和值为零的连续节点,链表,,
1268,market-analysis-i,,2,True,市场分析 I,,,
1269,market-analysis-ii,,3,True,市场分析 II,,,
1270,dinner-plate-stacks,,3,False,餐盘栈,设计,,
1271,web-crawler,,2,True,网络爬虫,深度优先搜索;广度优先搜索,,
1272,invalid-transactions,,2,False,查询无效交易,数组;字符串,,
1273,compare-strings-by-frequency-of-the-smallest-character,,1,False,比较字符串最小字母出现频次,数组;字符串,,
1274,number-of-days-between-two-dates,,1,False,日期之间隔几天,,,
1275,validate-binary-tree-nodes,,2,False,验证二叉树,图,,
1276,closest-divisors,,2,False,最接近的因数,数学,,
1277,largest-multiple-of-three,,3,False,形成三的最大倍数,数学;动态规划,,
1278,product-price-at-a-given-date,,2,True,指定日期的产品价格,,,
1279,prime-arrangements,,1,False,质数排列,数学,,
1280,diet-plan-performance,,1,True,健身计划评估,数组,,
1281,can-make-palindrome-from-substring,,2,False,构建回文串检测,数组;字符串,,
1282,number-of-valid-words-for-each-puzzle,,3,False,猜字谜,位运算;哈希表,,
1284,four-divisors,,2,False,四因数,数学,,
1285,balance-a-binary-search-tree,,2,False,将二叉搜索树变平衡,二叉搜索树,,
1286,constrained-subsequence-sum,,3,False,带限制的子序列和,动态规划,,
1287,distance-between-bus-stops,,1,False,公交站间的距离,数组,,
1288,maximum-subarray-sum-with-one-deletion,,2,False,删除一次得到子数组最大和,动态规划,,
1289,day-of-the-week,,1,False,一周中的第几天,数组,,
1290,make-array-strictly-increasing,,3,False,使数组严格递增,动态规划,,
1291,immediate-food-delivery-i,,1,True,即时食物配送 I,,,
1292,immediate-food-delivery-ii,,2,True,即时食物配送 II,,,
1296,kth-ancestor-of-a-tree-node,,3,False,树节点的第 K 个祖先,动态规划,,
1297,maximum-number-of-balloons,,1,False,“气球” 的最大数量,哈希表;字符串,,
1298,reverse-substrings-between-each-pair-of-parentheses,,2,False,反转每对括号间的子串,栈,,
1299,k-concatenation-maximum-sum,,2,False,K 次串联后最大子数组之和,动态规划,,
1300,critical-connections-in-a-network,,3,False,查找集群内的「关键连接」,深度优先搜索,,
1301,reformat-department-table,,1,False,重新格式化部门表,,,
1304,longest-happy-string,,2,False,最长快乐字符串,贪心算法;动态规划,,
1306,minimum-absolute-difference,,1,False,最小绝对差,数组,,
1307,ugly-number-iii,,2,False,丑数 III,数学;二分查找,,
1308,smallest-string-with-swaps,,2,False,交换字符串中的元素,并查集;数组,,
1309,sort-items-by-groups-respecting-dependencies,,3,False,项目管理,深度优先搜索;图;拓扑排序,,
1316,fizz-buzz-multithreaded,,2,False,交替打印字符串,,,
1317,monthly-transactions-i,,2,True,每月交易 I,,,
1318,tournament-winners,,3,True,锦标赛优胜者,,,
1319,unique-number-of-occurrences,,1,False,独一无二的出现次数,哈希表,,
1320,remove-all-adjacent-duplicates-in-string-ii,,2,False,删除字符串中的所有相邻重复项 II,栈,,
1321,get-equal-substrings-within-budget,,2,False,尽可能使字符串相等,数组,,
1322,minimum-moves-to-reach-target-with-rotations,,3,False,穿过迷宫的最少移动次数,广度优先搜索,,
1327,last-person-to-fit-in-the-elevator,,2,True,最后一个能进入电梯的人,,,
1328,monthly-transactions-ii,,2,True,每月交易II,,,
1329,play-with-chips,,1,False,玩筹码,贪心算法;数组;数学,,
1330,longest-arithmetic-subsequence-of-given-difference,,2,False,最长定差子序列,数学;动态规划,,
1331,path-with-maximum-gold,,2,False,黄金矿工,回溯算法,,
1332,count-vowels-permutation,,3,False,统计元音字母序列的数目,动态规划,,
1337,design-skiplist,,3,False,设计跳表,设计,,
1338,queries-quality-and-percentage,,1,True,查询结果的质量和占比,,,
1339,team-scores-in-football-tournament,,2,True,查询球队积分,,,
1340,the-dining-philosophers,,2,False,哲学家进餐,,,
1341,split-a-string-in-balanced-strings,,1,False,分割平衡字符串,贪心算法;字符串,,
1342,queens-that-can-attack-the-king,,2,False,可以攻击国王的皇后,数组,,
1343,dice-roll-simulation,,2,False,掷骰子模拟,动态规划,,
1344,maximum-equal-frequency,,3,False,最大相等频率,哈希表,,
1345,perform-string-shifts,,1,True,字符串的左右移,数组;数学,,
1349,check-if-it-is-a-straight-line,,1,False,缀点成线,几何;数组;数学,,
1350,remove-sub-folders-from-the-filesystem,,2,False,删除子文件夹,数组;字符串,,
1351,replace-the-substring-for-balanced-string,,2,False,替换子串得到平衡字符串,双指针;字符串,,
1352,maximum-profit-in-job-scheduling,,3,False,规划兼职工作,排序;二分查找;动态规划,,
1357,report-contiguous-dates,,3,True,报告系统状态的连续日期,,,
1358,find-positive-integer-solution-for-a-given-equation,,1,False,找出给定方程的正整数解,数学;二分查找,,
1359,circular-permutation-in-binary-representation,,2,False,循环码排列,数学,,
1360,maximum-length-of-a-concatenated-string-with-unique-characters,,2,False,串联字符串的最大长度,位运算;回溯算法,,
1361,tiling-a-rectangle-with-the-fewest-squares,,3,False,铺瓷砖,动态规划;回溯算法,,
1362,airplane-seat-assignment-probability,,2,False,飞机座位分配概率,脑筋急转弯;数学;动态规划,,
1366,first-unique-number,,2,True,,设计;哈希表,,
1368,web-crawler-multithreaded,,2,True,多线程网页爬虫,深度优先搜索;广度优先搜索,,
1369,minimum-swaps-to-make-strings-equal,,2,False,交换字符使得字符串相同,贪心算法;字符串,,
1370,count-number-of-nice-subarrays,,2,False,统计「优美子数组」,双指针,,
1371,minimum-remove-to-make-valid-parentheses,,2,False,移除无效的括号,栈;字符串,,
1372,check-if-it-is-a-good-array,,3,False,检查「好数组」,数学,,
1374,leftmost-column-with-at-least-a-one,,2,True,至少有一个 1 的最左端列,数组,,
1377,number-of-comments-per-post,,1,True,每个帖子的评论数,,,
1378,cells-with-odd-values-in-a-matrix,,1,False,奇数值单元格的数目,数组,,
1379,reconstruct-a-2-row-binary-matrix,,2,False,重构 2 行二进制矩阵,贪心算法;数学,,
1380,number-of-closed-islands,,2,False,统计封闭岛屿的数目,深度优先搜索,,
1381,maximum-score-words-formed-by-letters,,3,False,得分最高的单词集合,位运算,,
1386,shift-2d-grid,,1,False,二维网格迁移,数组,,
1387,find-elements-in-a-contaminated-binary-tree,,2,False,在受污染的二叉树中查找元素,树;哈希表,,
1388,greatest-sum-divisible-by-three,,2,False,可被三整除的最大和,动态规划,,
1389,minimum-moves-to-move-a-box-to-their-target-location,,3,False,推箱子,广度优先搜索,,
1390,average-selling-price,,1,True,平均售价,,,
1391,counting-elements,,1,True,数元素,数组,,
1395,minimum-time-visiting-all-points,,1,False,访问所有点的最小时间,几何;数组,,
1396,count-servers-that-communicate,,2,False,统计参与通信的服务器,图;数组,,
1397,search-suggestions-system,,2,False,搜索推荐系统,字符串,,
1398,number-of-ways-to-stay-in-the-same-place-after-some-steps,,3,False,停在原地的方案数,动态规划,,
1399,page-recommendations,,2,True,页面推荐,,,
1400,find-winner-on-a-tic-tac-toe-game,,1,False,找出井字棋的获胜者,数组,,
1401,number-of-burgers-with-no-waste-of-ingredients,,2,False,不浪费原料的汉堡制作方案,贪心算法;数学,,
1402,count-square-submatrices-with-all-ones,,2,False,统计全为 1 的正方形子矩阵,数组;动态规划,,
1403,palindrome-partitioning-iii,,3,False,分割回文串 III,动态规划,,
1404,print-immutable-linked-list-in-reverse,,2,True,逆序打印不可变链表,,,
1405,all-people-report-to-the-given-manager,,2,True,向公司CEO汇报工作的所有人,,,
1406,subtract-the-product-and-sum-of-digits-of-an-integer,,1,False,整数的各位积和之差,数学,,
1407,group-the-people-given-the-group-size-they-belong-to,,2,False,用户分组,贪心算法,,
1408,find-the-smallest-divisor-given-a-threshold,,2,False,使结果不超过阈值的最小除数,二分查找,,
1409,minimum-number-of-flips-to-convert-binary-matrix-to-zero-matrix,,3,False,转化为全零矩阵的最少反转次数,广度优先搜索,,
1410,traffic-light-controlled-intersection,,1,True,红绿灯路口,,,
1411,convert-binary-number-in-a-linked-list-to-integer,,1,False,二进制链表转整数,位运算;链表,,
1413,maximum-side-length-of-a-square-with-sum-less-than-or-equal-to-threshold,,2,False,元素和小于等于阈值的正方形的最大边长,数组;二分查找,,
1414,shortest-path-in-a-grid-with-obstacles-elimination,,3,False,网格中的最短路径,广度优先搜索,,
1415,students-and-examinations,,1,True,学生们参加各科测试的次数,,,
1420,find-the-start-and-end-number-of-continuous-ranges,,2,True,找到连续区间的开始和结束数字,,,
1421,find-numbers-with-even-number-of-digits,,1,False,统计位数为偶数的数字,数组,,
1422,divide-array-in-sets-of-k-consecutive-numbers,,2,False,划分数组为连续数字的集合,贪心算法;数组,,
1423,maximum-number-of-occurrences-of-a-substring,,2,False,子串的最大出现次数,位运算;字符串,,
1424,maximum-candies-you-can-get-from-boxes,,3,False,你能从盒子里获得的最大糖果数,广度优先搜索,,
1425,weather-type-in-each-country,,1,True,不同国家的天气类型,,,
1426,find-n-unique-integers-sum-up-to-zero,,1,False,和为零的N个唯一整数,数组,,
1427,all-elements-in-two-binary-search-trees,,2,False,两棵二叉搜索树中的所有元素,排序;树,,
1428,jump-game-iii,,2,False,跳跃游戏 III,广度优先搜索;图,,
1429,verbal-arithmetic-puzzle,,3,False,口算难题,数学;回溯算法,,
1432,check-if-a-string-is-a-valid-sequence-from-root-to-leaves-path-in-a-binary-tree,,2,True,,树,,
1434,decrypt-string-from-alphabet-to-integer-mapping,,1,False,解码字母到整数映射,字符串,,
1435,xor-queries-of-a-subarray,,2,False,子数组异或查询,位运算,,
1436,get-watched-videos-by-your-friends,,2,False,获取你好友已观看的视频,广度优先搜索;哈希表;字符串,,
1437,minimum-insertion-steps-to-make-a-string-palindrome,,3,False,让字符串成为回文串的最少插入次数,动态规划,,
1438,find-the-team-size,,1,True,求团队人数,,,
1439,running-total-for-different-genders,,2,True,不同性别每日分数总计,,,
1440,convert-integer-to-the-sum-of-two-no-zero-integers,,1,False,将整数转换为两个无零整数的和,数学,,
1441,minimum-flips-to-make-a-or-b-equal-to-c,,2,False,或运算的最小翻转次数,位运算,,
1442,number-of-operations-to-make-network-connected,,2,False,连通网络的操作次数,深度优先搜索;广度优先搜索;并查集,,
1443,minimum-distance-to-type-a-word-using-two-fingers,,3,False,二指输入的的最小距离,动态规划,,
1444,number-of-steps-to-reduce-a-number-to-zero,,1,False,将数字变成 0 的操作次数,位运算,,
1445,number-of-sub-arrays-of-size-k-and-average-greater-than-or-equal-to-threshold,,2,False,大小为 K 且平均值大于等于阈值的子数组数目,数组,,
1446,angle-between-hands-of-a-clock,,2,False,时钟指针的夹角,数学,,
1447,jump-game-iv,,3,False,跳跃游戏 IV,广度优先搜索,,
1448,maximum-69-number,,1,False,6 和 9 组成的最大数字,数学,,
1449,print-words-vertically,,2,False,竖直打印单词,字符串,,
1450,delete-leaves-with-a-given-value,,2,False,删除给定值的叶子节点,树,,
1451,minimum-number-of-taps-to-open-to-water-a-garden,,3,False,灌溉花园的最少水龙头数目,贪心算法;动态规划,,
1452,restaurant-growth,,2,True,餐馆营业额变化增长,,,
1453,ads-performance,,1,True,广告效果,,,
1454,remove-palindromic-subsequences,,1,False,删除回文子序列,字符串,,
1455,filter-restaurants-by-vegan-friendly-price-and-distance,,2,False,餐厅过滤器,排序;数组,,
1456,find-the-city-with-the-smallest-number-of-neighbors-at-a-threshold-distance,ac,2,False,阈值距离内邻居最少的城市,图,63763872,python
1457,minimum-difficulty-of-a-job-schedule,,3,False,工作计划的最低难度,动态规划,,
1458,sort-integers-by-the-number-of-1-bits,,1,False,根据数字二进制下 1 的数目排序,排序;位运算,,
1459,apply-discount-every-n-orders,,2,False,每隔 n 个顾客打折,设计,,
1460,number-of-substrings-containing-all-three-characters,,2,False,包含所有三种字符的子字符串数目,字符串,,
1461,count-all-valid-pickup-and-delivery-options,,3,False,有效的快递序列数目,数学;动态规划,,
1462,list-the-products-ordered-in-a-period,,1,True,列出指定时间段内所有的下单产品,,,
1463,the-k-weakest-rows-in-a-matrix,,1,False,方阵中战斗力最弱的 K 行,数组;二分查找,,
1464,reduce-array-size-to-the-half,,2,False,数组大小减半,贪心算法;数组,,
1465,maximum-product-of-splitted-binary-tree,,2,False,分裂二叉树的最大乘积,树;动态规划,,
1466,jump-game-v,,3,False,跳跃游戏 V,动态规划,,
1467,number-of-transactions-per-visit,,3,True,每次访问的交易次数,,,
1468,check-if-n-and-its-double-exist,,1,False,检查整数及其两倍数是否存在,数组,,
1469,minimum-number-of-steps-to-make-two-strings-anagram,,2,False,制造字母异位词的最小步骤数,字符串,,
1470,tweet-counts-per-frequency,,2,False,推文计数,设计,,
1471,maximum-students-taking-exam,,3,False,参加考试的最大学生数,动态规划,,
1472,increasing-decreasing-string,,1,False,上升下降字符串,排序;字符串,,
1473,find-the-longest-substring-containing-vowels-in-even-counts,,2,False,每个元音包含偶数次的最长子字符串,字符串,,
1474,longest-zigzag-path-in-a-binary-tree,,2,False,二叉树中的最长交错路径,树;动态规划,,
1475,maximum-sum-bst-in-binary-tree,,3,False,二叉搜索子树的最大键值和,二叉搜索树;动态规划,,
1476,count-negative-numbers-in-a-sorted-matrix,,1,False,统计有序矩阵中的负数,数组;二分查找,,
1477,product-of-the-last-k-numbers,,2,False,最后 K 个数的乘积,设计;数组,,
1478,maximum-number-of-events-that-can-be-attended,,2,False,最多可以参加的会议数目,贪心算法;排序;线段树,,
1479,construct-target-array-with-multiple-sums,,3,False,多次求和构造目标数组,贪心算法,,
1480,movie-rating,,2,True,电影评分,,,
1481,students-with-invalid-departments,,1,True,院系无效的学生,,,
1482,how-many-numbers-are-smaller-than-the-current-number,,1,False,有多少小于当前数字的数字,数组;哈希表,,
1483,rank-teams-by-votes,,2,False,通过投票对团队排名,排序;数组,,
1484,linked-list-in-binary-tree,,2,False,二叉树中的列表,树;链表;动态规划,,
1485,minimum-cost-to-make-at-least-one-valid-path-in-a-grid,,3,False,使网格图至少有一条有效路径的最小代价,广度优先搜索,,
1486,find-the-distance-value-between-two-arrays,,1,False,两个数组间的距离值,数组,,
1487,cinema-seat-allocation,,2,False,安排电影院座位,贪心算法;数组,,
1488,sort-integers-by-the-power-value,,2,False,将整数按权重排序,排序;图,,
1489,pizza-with-3n-slices,,3,False,3n 块披萨,动态规划,,
1490,generate-a-string-with-characters-that-have-odd-counts,,1,False,生成每种字符都是奇数个的字符串,字符串,,
1491,bulb-switcher-iii,,2,False,灯泡开关 III,数组,,
1492,time-needed-to-inform-all-employees,,2,False,通知所有员工所需的时间,深度优先搜索,,
1493,frog-position-after-t-seconds,,3,False,T 秒后青蛙的位置,深度优先搜索,,
1494,activity-participants,,2,True,活动参与者,,,
1495,number-of-trusted-contacts-of-a-customer,,2,True,顾客的可信联系人数量,,,
1496,lucky-numbers-in-a-matrix,,1,False,矩阵中的幸运数,数组,,
1497,design-a-stack-with-increment-operation,,2,False,设计一个支持增量操作的栈,栈;设计,,
1498,find-a-corresponding-node-of-a-binary-tree-in-a-clone-of-that-tree,,2,False,找出克隆二叉树中的相同节点,树,,
1499,maximum-performance-of-a-team,,3,False,最大的团队表现值,贪心算法;排序,,
1500,count-largest-group,,1,False,统计最大组的数目,数组,,
1501,circle-and-rectangle-overlapping,,2,False,圆和矩形是否有重叠,几何,,
1502,construct-k-palindrome-strings,,2,False,构造 K 个回文字符串,贪心算法,,
1503,reducing-dishes,,3,False,做菜顺序,动态规划,,
1504,get-the-second-most-recent-activity,,3,True,获取最近第二次的活动,,,
1505,create-target-array-in-the-given-order,,1,False,按既定顺序创建目标数组,数组,,
1507,check-if-there-is-a-valid-path-in-a-grid,,2,False,检查网格中是否存在有效路径,深度优先搜索;广度优先搜索,,
1508,longest-happy-prefix,,3,False,最长快乐前缀,字符串,,
1509,replace-employee-id-with-the-unique-identifier,,1,True,使用唯一标识码替换员工ID,,,
1510,find-lucky-integer-in-an-array,,1,False,找出数组中的幸运数,数组,,
1511,count-number-of-teams,,2,False,统计作战单位数,数组,,
1512,design-underground-system,,2,False,设计地铁系统,设计,,
1513,find-all-good-strings,,3,False,找到所有好字符串,动态规划,,
1514,minimum-value-to-get-positive-step-by-step-sum,,1,False,逐步求和得到正数的最小值,数组,,
1515,find-the-minimum-number-of-fibonacci-numbers-whose-sum-is-k,,2,False,和为 K 的最少斐波那契数字数目,贪心算法;数组,,
1516,the-k-th-lexicographical-string-of-all-happy-strings-of-length-n,,2,False,长度为 n 的开心字符串中字典序第 k 小的字符串,回溯算法,,
1517,restore-the-array,,3,False,恢复数组,动态规划,,
1518,total-sales-amount-by-year,,3,True,按年度列出销售总额,,,
1519,minimum-subsequence-in-non-increasing-order,,1,False,非递增顺序的最小子序列,贪心算法;排序,,
1520,number-of-steps-to-reduce-a-number-in-binary-representation-to-one,,2,False,将二进制表示减到 1 的步骤数,位运算;字符串,,
1522,stone-game-iii,,3,False,石子游戏 III,动态规划,,
1523,capital-gainloss,,2,True,股票的资本损益,,,
1524,string-matching-in-an-array,,1,False,数组中的字符串匹配,字符串,,
1525,queries-on-a-permutation-with-key,,2,False,查询带键的排列,数组,,
1526,html-entity-parser,,2,False,HTML 实体解析器,栈;字符串,,
1527,number-of-ways-to-paint-n-x-3-grid,,3,False,给 N x 3 网格图涂色的方案数,动态规划,,
1528,kids-with-the-greatest-number-of-candies,,1,False,拥有最多糖果的孩子,数组,,
1529,max-difference-you-can-get-from-changing-an-integer,,2,False,改变一个整数能得到的最大差值,字符串,,
1530,check-if-a-string-can-break-another-string,,2,False,检查一个字符串是否可以打破另一个字符串,贪心算法;字符串,,
1531,number-of-ways-to-wear-different-hats-to-each-other,,3,False,每个人戴不同帽子的方案数,位运算;动态规划,,
1532,reformat-the-string,,1,False,重新格式化字符串,字符串,,
1533,display-table-of-food-orders-in-a-restaurant,,2,False,点菜展示表,哈希表,,
1534,minimum-number-of-frogs-croaking,,2,False,数青蛙,字符串,,
1535,build-array-where-you-can-find-the-maximum-exactly-k-comparisons,,3,False,生成数组,动态规划,,
1536,customers-who-bought-products-a-and-b-but-not-c,,2,True,购买了产品A和产品B却没有购买产品C的顾客,,,
1537,maximum-score-after-splitting-a-string,,1,False,分割字符串的最大得分,字符串,,
1538,maximum-points-you-can-obtain-from-cards,,2,False,可获得的最大点数,数组;动态规划,,
1539,diagonal-traverse-ii,,2,False,对角线遍历 II,排序;数组,,
1541,top-travellers,,1,True,排名靠前的旅行者,,,
1542,consecutive-characters,,1,False,连续字符,字符串,,
1543,simplified-fractions,,2,False,最简分数,数学,,
1544,count-good-nodes-in-binary-tree,,2,False,统计二叉树中好节点的数目,树;深度优先搜索,,
1545,form-largest-integer-with-digits-that-add-up-to-target,,3,False,数位成本和为目标值的最大数字,字符串;动态规划,,
1546,find-the-quiet-students-in-all-exams,,3,True,查找成绩处于中游的的学生,,,
1547,destination-city,,1,False,旅行终点站,字符串,,
1548,check-if-all-1s-are-at-least-length-k-places-away,,2,False,是否所有 1 都至少相隔 k 个元素,数组,,
1549,longest-continuous-subarray-with-absolute-diff-less-than-or-equal-to-limit,,2,False,绝对差不超过限制的最长连续子数组,数组,,
1550,find-the-kth-smallest-sum-of-a-matrix-with-sorted-rows,,3,False,有序矩阵中的第 k 个最小数组和,堆,,
1551,npv-queries,,2,True,净现值查询,,,
1552,build-an-array-with-stack-operations,,1,False,用栈操作构建数组,栈,,
1553,count-triplets-that-can-form-two-arrays-of-equal-xor,,2,False,形成两个异或相等数组的三元组数目,位运算;数组;数学,,
1554,minimum-time-to-collect-all-apples-in-a-tree,,2,False,收集树上所有苹果的最少时间,树;深度优先搜索,,
1555,number-of-ways-of-cutting-a-pizza,,3,False,切披萨的方案数,动态规划,,
1556,make-two-arrays-equal-by-reversing-sub-arrays,,1,False,通过翻转子数组使两个数组相等,数组,,
1557,check-if-a-string-contains-all-binary-codes-of-size-k,,2,False,检查一个字符串是否包含所有长度为 K 的二进制子串,位运算;字符串,,
1558,course-schedule-iv,,2,False,课程安排 IV,图,,
1559,cherry-pickup-ii,,3,False,摘樱桃 II,动态规划,,
1560,number-of-students-doing-homework-at-a-given-time,,1,False,在既定时间做作业的学生人数,数组,,
1561,rearrange-words-in-a-sentence,,2,False,重新排列句子中的单词,排序;字符串,,
1562,people-whose-list-of-favorite-companies-is-not-a-subset-of-another-list,,2,False,收藏清单,排序;字符串,,
1563,maximum-number-of-darts-inside-of-a-circular-dartboard,,3,False,圆形靶内的最大飞镖数量,几何,,
1564,create-a-session-bar-chart,,1,True,,,,
1565,evaluate-boolean-expression,,2,True,计算布尔表达式的值,,,
1566,check-if-a-word-occurs-as-a-prefix-of-any-word-in-a-sentence,,1,False,检查单词是否为句中其他单词的前缀,字符串,,
1567,maximum-number-of-vowels-in-a-substring-of-given-length,,2,False,定长子串中元音的最大数目,字符串,,
1568,pseudo-palindromic-paths-in-a-binary-tree,,2,False,二叉树中的伪回文路径,位运算;树;深度优先搜索,,
1569,max-dot-product-of-two-subsequences,,3,False,两个子序列的最大点积,动态规划,,
1570,final-prices-with-a-special-discount-in-a-shop,,1,False,商品折扣后的最终价格,数组,,
1571,allocate-mailboxes,,3,False,安排邮筒,数学;动态规划,,
1572,subrectangle-queries,,2,False,子矩形查询,数组,,
1573,find-two-non-overlapping-sub-arrays-each-with-target-sum,,2,False,找两个和为目标值且不重叠的子数组,动态规划,,
1574,maximum-product-of-two-elements-in-an-array,,1,False,数组中两元素的最大乘积,数组,,
1575,maximum-area-of-a-piece-of-cake-after-horizontal-and-vertical-cuts,,2,False,切割后面积最大的蛋糕,数组,,
1576,reorder-routes-to-make-all-paths-lead-to-the-city-zero,,2,False,重新规划路线,树;深度优先搜索,,
1577,probability-of-a-two-boxes-having-the-same-number-of-distinct-balls,,3,False,两个盒子中球的颜色数相同的概率,数学;回溯算法,,
1578,apples-oranges,,2,True,苹果和桔子,,,
1579,active-users,,2,True, 活跃用户,,,
1580,shuffle-the-array,,1,False,重新排列数组,数组,,
1581,the-k-strongest-values-in-an-array,,2,False,数组中的 k 个最强值,排序;数组,,
1582,design-browser-history,,2,False,设计浏览器历史记录,设计,,
1583,paint-house-iii,,3,False,给房子涂色 III,动态规划,,
1603,running-sum-of-1d-array,,1,False,一维数组的动态和,数组,,
1604,least-number-of-unique-integers-after-k-removals,,2,False,不同整数的最少数目,排序;数组,,
1605,minimum-number-of-days-to-make-m-bouquets,,2,False,制作 m 束花所需的最少天数,数组;二分查找,,
1607,rectangles-area,,2,True,矩形面积,,,
1608,calculate-salaries,,2,True,计算税后工资,,,
1609,find-all-the-lonely-nodes,,1,True,,树;深度优先搜索,,
1618,delete-n-nodes-after-m-nodes-of-a-linked-list,,1,True,删除链表 M 个节点之后的 N 个节点,链表,,
1623,sales-by-day-of-the-week,,3,True,,,,
1624,clone-binary-tree-with-random-pointer,,2,True,,树;深度优先搜索,,
1625,group-sold-products-by-the-date,,1,True,,,,
100092,deep-dark-fraction,,1,False,分式化简,,,
100093,broken-board-dominoes,,3,False,覆盖,,,
100094,coin-bonus,,3,False,发 LeetCoin,,,
100096,programmable-robot,,2,False,机器人大冒险,,,
100107,guess-numbers,,1,False,猜数字,,,
100158,is-unique-lcci,,1,False,判定字符是否唯一,数组,,
100159,check-permutation-lcci,,1,False,判定是否互为字符重排,数组;字符串,,
100160,string-to-url-lcci,,1,False,URL化,字符串,,
100161,compress-string-lcci,,1,False,字符串压缩,字符串,,
100162,string-rotation-lcci,,1,False,字符串轮转,字符串,,
100163,remove-duplicate-node-lcci,,1,False,移除重复节点,链表,,
100164,palindrome-linked-list-lcci,,1,False,回文链表,链表,,
100167,intersection-of-two-linked-lists-lcci,,1,False,链表相交,链表,,
100168,linked-list-cycle-lcci,,2,False,环路检测,链表,,
100169,min-stack-lcci,ac,1,False,栈的最小值,栈,52463026,java
100170,implement-queue-using-stacks-lcci,,1,False,化栈为队,栈,,
100171,route-between-nodes-lcci,,2,False,节点间通路,图,,
100172,three-in-one-lcci,,1,False,三合一,设计,,
100173,sort-of-stacks-lcci,,2,False,栈排序,设计,,
100174,minimum-height-tree-lcci,,1,False,最小高度树,树;深度优先搜索,,
100175,list-of-depth-lcci,,2,False,特定深度节点链表,树;广度优先搜索,,
100176,check-balance-lcci,,1,False,检查平衡性,树;深度优先搜索,,
100177,legal-binary-search-tree-lcci,,2,False,合法二叉搜索树,树;深度优先搜索,,
100178,successor-lcci,,2,False,后继者,树;深度优先搜索,,
100179,first-common-ancestor-lcci,,2,False,首个共同祖先,树,,
100180,insert-into-bits-lcci,,1,False,插入,位运算,,
100181,convert-integer-lcci,,1,False,整数转换,位运算,,
100182,exchange-lcci,,1,False,配对交换,位运算,,
100183,closed-number-lcci,,2,False,下一个数,位运算,,
100184,palindrome-permutation-lcci,,1,False,回文排列,哈希表;字符串,,
100185,rotate-matrix-lcci,,2,False,旋转矩阵,数组,,
100186,zero-matrix-lcci,,2,False,零矩阵,数组,,
100187,delete-middle-node-lcci,,1,False,删除中间节点,链表,,
100188,sum-lists-lcci,,2,False,链表求和,链表;数学,,
100195,stack-of-plates-lcci,,2,False,堆盘子,设计,,
100196,draw-line-lcci,,2,False,绘制直线,数组,,
100197,three-steps-problem-lcci,,1,False,三步问题,动态规划,,
100198,power-set-lcci,,2,False,幂集,位运算;数组;回溯算法,,
100199,recursive-mulitply-lcci,,2,False,递归乘法,递归,,
100200,bracket-lcci,,2,False,括号,字符串;回溯算法,,
100201,color-fill-lcci,,1,False,颜色填充,深度优先搜索,,
100202,pile-box-lcci,,3,False,堆箱子,动态规划;回溯算法,,
100203,bianry-number-to-string-lcci,,2,False,二进制数转字符串,字符串,,
100228,animal-shelter-lcci,,1,False,动物收容所,设计,,
100229,check-subtree-lcci,,2,False,检查子树,树,,
100230,reverse-bits-lcci,,1,False,翻转数位,位运算,,
100231,coin-lcci,,2,False,硬币,动态规划,,
100232,search-rotate-array-lcci,,2,False,搜索旋转数组,数组;二分查找,,
100233,eight-queens-lcci,,3,False,八皇后,回溯算法,,
100240,magic-index-lcci,,1,False,魔术索引,数组;二分查找,,
100241,permutation-i-lcci,,2,False,无重复字符串的排列组合,回溯算法,,
100242,sparse-array-search-lcci,,1,False,稀疏数组搜索,二分查找,,
100258,swap-numbers-lcci,,2,False,交换数字,位运算;数学,,
100259,words-frequency-lcci,,2,False,单词频率,设计;哈希表,,
100260,intersection-lcci,,3,False,交点,几何;数学,,
100261,tic-tac-toe-lcci,,2,False,井字游戏,数组,,
100262,smallest-difference-lcci,,2,False,最小差,数组;双指针,,
100273,yong-liang-ge-zhan-shi-xian-dui-lie-lcof,,1,False,用两个栈实现队列,栈;设计,,
100274,fei-bo-na-qi-shu-lie-lcof,,1,False,斐波那契数列,递归,,
100275,shu-zu-zhong-zhong-fu-de-shu-zi-lcof,,1,False,数组中重复的数字,数组;哈希表,,
100276,er-wei-shu-zu-zhong-de-cha-zhao-lcof,,1,False,二维数组中的查找,数组;双指针,,
100277,qing-wa-tiao-tai-jie-wen-ti-lcof,,1,False,青蛙跳台阶问题,递归,,
100278,xuan-zhuan-shu-zu-de-zui-xiao-shu-zi-lcof,,1,False,旋转数组的最小数字,二分查找,,
100279,ju-zhen-zhong-de-lu-jing-lcof,,2,False,矩阵中的路径,动态规划,,
100280,ti-huan-kong-ge-lcof,,1,False,替换空格,,,
100281,ji-qi-ren-de-yun-dong-fan-wei-lcof,,2,False,机器人的运动范围,,,
100282,cong-wei-dao-tou-da-yin-lian-biao-lcof,,1,False,从尾到头打印链表,,,
100283,zhong-jian-er-cha-shu-lcof,,2,False,重建二叉树,树;递归,,
100284,jian-sheng-zi-lcof,,2,False,剪绳子,数学;动态规划,,
100285,jian-sheng-zi-ii-lcof,,2,False,剪绳子 II,数学;动态规划,,
100286,he-bing-liang-ge-pai-xu-de-lian-biao-lcof,,1,False,合并两个排序的链表,分治算法,,
100287,shu-de-zi-jie-gou-lcof,,2,False,树的子结构,树,,
100288,er-cha-shu-de-jing-xiang-lcof,,1,False,二叉树的镜像,树,,
100289,dui-cheng-de-er-cha-shu-lcof,,1,False,对称的二叉树,树,,
100290,biao-shi-shu-zhi-de-zi-fu-chuan-lcof,,2,False,表示数值的字符串,数学,,
100291,diao-zheng-shu-zu-shun-xu-shi-qi-shu-wei-yu-ou-shu-qian-mian-lcof,,1,False,调整数组顺序使奇数位于偶数前面,,,
100292,er-jin-zhi-zhong-1de-ge-shu-lcof,,1,False,二进制中1的个数,位运算,,
100293,shun-shi-zhen-da-yin-ju-zhen-lcof,,1,False,顺时针打印矩阵,数组,,
100294,lian-biao-zhong-dao-shu-di-kge-jie-dian-lcof,,1,False,链表中倒数第k个节点,链表;双指针,,
100295,shu-zhi-de-zheng-shu-ci-fang-lcof,,2,False,数值的整数次方,递归,,
100296,da-yin-cong-1dao-zui-da-de-nwei-shu-lcof,,1,False,打印从1到最大的n位数,数学,,
100297,zheng-ze-biao-da-shi-pi-pei-lcof,,3,False,正则表达式匹配,动态规划,,
100298,fan-zhuan-lian-biao-lcof,ac,1,False,反转链表,链表,52465670,java
100299,shan-chu-lian-biao-de-jie-dian-lcof,,1,False,删除链表的节点,链表,,
100300,fu-za-lian-biao-de-fu-zhi-lcof,,2,False,复杂链表的复制,链表,,
100301,zui-xiao-de-kge-shu-lcof,,1,False,最小的k个数,堆;分治算法,,
100302,bao-han-minhan-shu-de-zhan-lcof,,1,False,包含min函数的栈,栈;设计,,
100303,shu-ju-liu-zhong-de-zhong-wei-shu-lcof,,3,False,数据流中的中位数,堆;设计,,
100304,lian-xu-zi-shu-zu-de-zui-da-he-lcof,,1,False,连续子数组的最大和,分治算法;动态规划,,
100305,er-cha-sou-suo-shu-yu-shuang-xiang-lian-biao-lcof,,2,False,二叉搜索树与双向链表,分治算法,,
100306,zhan-de-ya-ru-dan-chu-xu-lie-lcof,,2,False,栈的压入、弹出序列,,,
100307,xu-lie-hua-er-cha-shu-lcof,,3,False,序列化二叉树,树;设计,,
100308,zi-fu-chuan-de-pai-lie-lcof,,2,False,字符串的排列,回溯算法,,
100309,1nzheng-shu-zhong-1chu-xian-de-ci-shu-lcof,,2,False,1～n整数中1出现的次数,数学,,
100310,shu-zu-zhong-chu-xian-ci-shu-chao-guo-yi-ban-de-shu-zi-lcof,,1,False,数组中出现次数超过一半的数字,位运算;分治算法,,
100311,cong-shang-dao-xia-da-yin-er-cha-shu-lcof,,2,False,从上到下打印二叉树,树;广度优先搜索,,
100312,cong-shang-dao-xia-da-yin-er-cha-shu-ii-lcof,,1,False,从上到下打印二叉树 II,树;广度优先搜索,,
100313,shu-zi-xu-lie-zhong-mou-yi-wei-de-shu-zi-lcof,,2,False,数字序列中某一位的数字,数学,,
100314,cong-shang-dao-xia-da-yin-er-cha-shu-iii-lcof,,2,False,从上到下打印二叉树 III,树;广度优先搜索,,
100315,er-cha-sou-suo-shu-de-hou-xu-bian-li-xu-lie-lcof,,2,False,二叉搜索树的后序遍历序列,,,
100316,di-yi-ge-zhi-chu-xian-yi-ci-de-zi-fu-lcof,ac,1,False,第一个只出现一次的字符,哈希表,52481440,java
100317,er-cha-shu-zhong-he-wei-mou-yi-zhi-de-lu-jing-lcof,,2,False,二叉树中和为某一值的路径,树;深度优先搜索,,
100318,shu-zu-zhong-de-ni-xu-dui-lcof,,3,False,数组中的逆序对,,,
100319,er-cha-shu-de-shen-du-lcof,,1,False,二叉树的深度,树;深度优先搜索,,
100320,shu-zu-zhong-shu-zi-chu-xian-de-ci-shu-lcof,,2,False,数组中数字出现的次数,,,
100321,shu-zu-zhong-shu-zi-chu-xian-de-ci-shu-ii-lcof,,2,False,数组中数字出现的次数 II,,,
100322,he-wei-sde-liang-ge-shu-zi-lcof,,1,False,和为s的两个数字,,,
100323,ba-shu-zu-pai-cheng-zui-xiao-de-shu-lcof,,2,False,把数组排成最小的数,排序,,
100324,he-wei-sde-lian-xu-zheng-shu-xu-lie-lcof,,1,False,和为s的连续正数序列,,,
100325,ba-shu-zi-fan-yi-cheng-zi-fu-chuan-lcof,,2,False,把数字翻译成字符串,,,
100326,liang-ge-lian-biao-de-di-yi-ge-gong-gong-jie-dian-lcof,,1,False,两个链表的第一个公共节点,链表,,
100327,li-wu-de-zui-da-jie-zhi-lcof,,2,False,礼物的最大价值,动态规划,,
100328,fan-zhuan-dan-ci-shun-xu-lcof,,1,False,翻转单词顺序,字符串,,
100329,zai-pai-xu-shu-zu-zhong-cha-zhao-shu-zi-lcof,,1,False,在排序数组中查找数字 I,数组;二分查找,,
100330,zuo-xuan-zhuan-zi-fu-chuan-lcof,,1,False,左旋转字符串,字符串,,
100331,que-shi-de-shu-zi-lcof,,1,False,0～n-1中缺失的数字,数组;二分查找,,
100332,zui-chang-bu-han-zhong-fu-zi-fu-de-zi-zi-fu-chuan-lcof,,2,False,最长不含重复字符的子字符串,哈希表;双指针,,
100333,er-cha-sou-suo-shu-de-di-kda-jie-dian-lcof,,1,False,二叉搜索树的第k大节点,树,,
100334,chou-shu-lcof,,2,False,丑数,数学,,
100335,bu-yong-jia-jian-cheng-chu-zuo-jia-fa-lcof,,1,False,不用加减乘除做加法,,,
100336,hua-dong-chuang-kou-de-zui-da-zhi-lcof,,1,False,滑动窗口的最大值,栈,,
100337,dui-lie-de-zui-da-zhi-lcof,,2,False,队列的最大值,栈,,
100338,gou-jian-cheng-ji-shu-zu-lcof,,1,False,构建乘积数组,,,
100339,nge-tou-zi-de-dian-shu-lcof,,1,False,n个骰子的点数,,,
100340,ba-zi-fu-chuan-zhuan-huan-cheng-zheng-shu-lcof,,2,False,把字符串转换成整数,数学;字符串,,
100341,bu-ke-pai-zhong-de-shun-zi-lcof,,1,False,扑克牌中的顺子,,,
100342,ping-heng-er-cha-shu-lcof,,1,False,平衡二叉树,树;深度优先搜索,,
100343,yuan-quan-zhong-zui-hou-sheng-xia-de-shu-zi-lcof,,1,False,圆圈中最后剩下的数字,,,
100344,gu-piao-de-zui-da-li-run-lcof,,2,False,股票的最大利润,动态规划,,
100345,qiu-12n-lcof,,2,False,求1+2+…+n,,,
100346,er-cha-sou-suo-shu-de-zui-jin-gong-gong-zu-xian-lcof,,1,False,二叉搜索树的最近公共祖先,树,,
100347,er-cha-shu-de-zui-jin-gong-gong-zu-xian-lcof,,1,False,二叉树的最近公共祖先,树,,
100348,permutation-ii-lcci,,2,False,有重复字符串的排列组合,回溯算法,,
100349,maximum-lcci,,1,False,最大数值,位运算;数学,,
100350,operations-lcci,,2,False,运算,设计,,
100351,living-people-lcci,,2,False,生存人数,数组,,
100352,diving-board-lcci,,1,False,跳水板,递归;记忆化,,
100353,bisect-squares-lcci,,2,False,平分正方形,几何,,
100354,best-line-lcci,,2,False,最佳直线,几何;哈希表,,
100355,master-mind-lcci,,1,False,珠玑妙算,数组,,
100356,sub-sort-lcci,,2,False,部分排序,排序;数组,,
1000003,contiguous-sequence-lcci,,1,False,连续数列,数组;分治算法;动态规划,,
1000004,pattern-matching-lcci,,2,False,模式匹配,字符串,,
1000005,pond-sizes-lcci,,2,False,水域大小,深度优先搜索;广度优先搜索,,
1000006,one-away-lcci,,2,False,一次编辑,字符串;动态规划,,
1000007,kth-node-from-end-of-list-lcci,,1,False,返回倒数第 k 个节点,链表;双指针,,
1000008,partition-list-lcci,,2,False,分割链表,链表;双指针,,
1000009,paths-with-sum-lcci,,2,False,求和路径,树;深度优先搜索,,
1000010,bst-sequences-lcci,,3,False,二叉搜索树序列,树;动态规划,,
1000011,robot-in-a-grid-lcci,,2,False,迷路的机器人,动态规划,,
1000012,sorted-merge-lcci,,1,False,合并排序的数组,数组;双指针,,
1000013,peaks-and-valleys-lcci,,2,False,峰与谷,,,
1000015,hanota-lcci,,1,False,汉诺塔问题,递归,,
1000016,sorted-matrix-search-lcci,,2,False,排序矩阵查找,双指针;二分查找;分治算法,,
1000017,factorial-zeros-lcci,,1,False,阶乘尾数,数学,,
1000018,english-int-lcci,,3,False,整数的英语表示,数学;字符串,,
1000019,binode-lcci,,1,False,BiNode,树;二叉搜索树;递归,,
1000020,re-space-lcci,,2,False,恢复空格,记忆化;字符串,,
1000021,smallest-k-lcci,,2,False,最小K个数,堆;排序;分治算法,,
1000022,longest-word-lcci,,2,False,最长单词,字符串,,
1000023,the-masseuse-lcci,,1,False,按摩师,动态规划,,
1000024,multi-search-lcci,,2,False,多次搜索,字典树;字符串,,
1000025,add-without-plus-lcci,,1,False,不用加号的加法,位运算,,
1000026,lru-cache-lcci,,2,False,LRU缓存,设计,,
1000027,calculator-lcci,,2,False,计算器,字符串,,
1000028,continuous-median-lcci,,3,False,连续中值,堆,,
1000029,volume-of-histogram-lcci,,3,False,直方图的水量,栈;数组;双指针,,
1000030,word-transformer-lcci,,2,False,单词转换,深度优先搜索;广度优先搜索;数组;字符串,,
1000031,boolean-evaluation-lcci,,2,False,布尔运算,栈;字符串,,
1000032,missing-number-lcci,,1,False,消失的数字,位运算;数组;数学,,
1000033,find-longest-subarray-lcci,,2,False, 字母与数字,数组,,
1000034,number-of-2s-in-range-lcci,,2,False,2出现的次数,数学;动态规划,,
1000035,baby-names-lcci,,2,False,婴儿名字,深度优先搜索;广度优先搜索;并查集,,
1000036,circus-tower-lcci,,2,False,马戏团人塔,排序;二分查找;动态规划,,
1000037,get-kth-magic-number-lcci,,2,False,第 k 个数,堆;队列;数学,,
1000038,find-majority-element-lcci,,1,False,主要元素,位运算;数组;分治算法,,
1000039,find-closest-lcci,,2,False,单词距离,双指针;字符串,,
1000040,group-anagrams-lcci,,2,False,变位词组,哈希表;字符串,,
1000041,rank-from-stream-lcci,,2,False,数字流的秩,,,
1000042,pairs-with-sum-lcci,,2,False,数对和,数组;哈希表,,
1000043,shortest-supersequence-lcci,,2,False,最短超串,,,
1000044,missing-two-lcci,,3,False,消失的两个数字,数组;数学,,
1000045,max-black-square-lcci,,2,False,最大黑方阵,动态规划,,
1000046,max-submatrix-lcci,,3,False,最大子矩阵,动态规划,,
1000047,t9-lcci,,2,False,T9键盘,数组,,
1000048,sum-swap-lcci,,2,False,交换和,排序;数组,,
1000049,word-rectangle-lcci,,3,False,单词矩阵,,,
1000050,langtons-ant-lcci,,2,False,兰顿蚂蚁,数组,,
1000051,sparse-similarity-lcci,,3,False,稀疏相似度,哈希表,,
1000056,na-ying-bi,,1,False,拿硬币,,,
1000057,ju-qing-hong-fa-shi-jian,,2,False,剧情触发时间,,,
1000059,qie-fen-shu-zu,,3,False,切分数组,,,
1000062,er-cha-shu-ren-wu-diao-du,,3,False,二叉树任务调度,,,
1000063,chuan-di-xin-xi,,1,False,传递信息,,,
1000085,you-le-yuan-de-you-lan-ji-hua,,3,False,游乐园的游览计划,,,
1000086,qi-wang-ge-shu-tong-ji,,1,False,期望个数统计,,,
1000087,xiao-zhang-shua-ti-ji-hua,,2,False,小张刷题计划,,,
1000088,you-le-yuan-de-mi-gong,,3,False,游乐园的迷宫,,,
1000090,zui-xiao-tiao-yue-ci-shu,,3,False,最小跳跃次数,,,
