1000093,xun-bao,,3,False
1000090,zui-xiao-tiao-yue-ci-shu,,3,False
1000088,you-le-yuan-de-mi-gong,,3,False
1000087,xiao-zhang-shua-ti-ji-hua,,2,False
1000086,qi-wang-ge-shu-tong-ji,,1,False
1000085,you-le-yuan-de-you-lan-ji-hua,,3,False
1000063,chuan-di-xin-xi,,1,False
1000062,er-cha-shu-ren-wu-diao-du,,3,False
1000059,qie-fen-shu-zu,,3,False
1000057,ju-qing-hong-fa-shi-jian,,2,False
1000056,na-ying-bi,,1,False
1000051,sparse-similarity-lcci,,3,False
1000050,langtons-ant-lcci,,2,False
1000049,word-rectangle-lcci,,3,False
1000048,sum-swap-lcci,,2,False
1000047,t9-lcci,,2,False
1000046,max-submatrix-lcci,,3,False
1000045,max-black-square-lcci,,2,False
1000044,missing-two-lcci,,3,False
1000043,shortest-supersequence-lcci,,2,False
1000042,pairs-with-sum-lcci,,2,False
1000041,rank-from-stream-lcci,,2,False
1000040,group-anagrams-lcci,,2,False
1000039,find-closest-lcci,,2,False
1000038,find-majority-element-lcci,,1,False
1000037,get-kth-magic-number-lcci,,2,False
1000036,circus-tower-lcci,,2,False
1000035,baby-names-lcci,,2,False
1000034,number-of-2s-in-range-lcci,,2,False
1000033,find-longest-subarray-lcci,,2,False
1000032,missing-number-lcci,,1,False
1000031,boolean-evaluation-lcci,,2,False
1000030,word-transformer-lcci,,2,False
1000029,volume-of-histogram-lcci,,3,False
1000028,continuous-median-lcci,,3,False
1000027,calculator-lcci,,2,False
1000026,lru-cache-lcci,,2,False
1000025,add-without-plus-lcci,,1,False
1000024,multi-search-lcci,,2,False
1000023,the-masseuse-lcci,,1,False
1000022,longest-word-lcci,,2,False
1000021,smallest-k-lcci,,2,False
1000020,re-space-lcci,,2,False
1000019,binode-lcci,,1,False
1000018,english-int-lcci,,3,False
1000017,factorial-zeros-lcci,,1,False
1000016,sorted-matrix-search-lcci,,2,False
1000015,hanota-lcci,,1,False
1000013,peaks-and-valleys-lcci,,2,False
1000012,sorted-merge-lcci,,1,False
1000011,robot-in-a-grid-lcci,,2,False
1000010,bst-sequences-lcci,,3,False
1000009,paths-with-sum-lcci,,2,False
1000008,partition-list-lcci,,2,False
1000007,kth-node-from-end-of-list-lcci,,1,False
1000006,one-away-lcci,,2,False
1000005,pond-sizes-lcci,,2,False
1000004,pattern-matching-lcci,,2,False
1000003,contiguous-sequence-lcci,,1,False
100356,sub-sort-lcci,,2,False
100355,master-mind-lcci,,1,False
100354,best-line-lcci,,2,False
100353,bisect-squares-lcci,,2,False
100352,diving-board-lcci,,1,False
100351,living-people-lcci,,2,False
100350,operations-lcci,,2,False
100349,maximum-lcci,,1,False
100348,permutation-ii-lcci,,2,False
100347,er-cha-shu-de-zui-jin-gong-gong-zu-xian-lcof,,1,False
100346,er-cha-sou-suo-shu-de-zui-jin-gong-gong-zu-xian-lcof,,1,False
100345,qiu-12n-lcof,,2,False
100344,gu-piao-de-zui-da-li-run-lcof,,2,False
100343,yuan-quan-zhong-zui-hou-sheng-xia-de-shu-zi-lcof,,1,False
100342,ping-heng-er-cha-shu-lcof,,1,False
100341,bu-ke-pai-zhong-de-shun-zi-lcof,,1,False
100340,ba-zi-fu-chuan-zhuan-huan-cheng-zheng-shu-lcof,,2,False
100339,nge-tou-zi-de-dian-shu-lcof,,1,False
100338,gou-jian-cheng-ji-shu-zu-lcof,,1,False
100337,dui-lie-de-zui-da-zhi-lcof,,2,False
100336,hua-dong-chuang-kou-de-zui-da-zhi-lcof,,1,False
100335,bu-yong-jia-jian-cheng-chu-zuo-jia-fa-lcof,,1,False
100334,chou-shu-lcof,,2,False
100333,er-cha-sou-suo-shu-de-di-kda-jie-dian-lcof,,1,False
100332,zui-chang-bu-han-zhong-fu-zi-fu-de-zi-zi-fu-chuan-lcof,,2,False
100331,que-shi-de-shu-zi-lcof,,1,False
100330,zuo-xuan-zhuan-zi-fu-chuan-lcof,,1,False
100329,zai-pai-xu-shu-zu-zhong-cha-zhao-shu-zi-lcof,,1,False
100328,fan-zhuan-dan-ci-shun-xu-lcof,,1,False
100327,li-wu-de-zui-da-jie-zhi-lcof,,2,False
100326,liang-ge-lian-biao-de-di-yi-ge-gong-gong-jie-dian-lcof,,1,False
100325,ba-shu-zi-fan-yi-cheng-zi-fu-chuan-lcof,,2,False
100324,he-wei-sde-lian-xu-zheng-shu-xu-lie-lcof,,1,False
100323,ba-shu-zu-pai-cheng-zui-xiao-de-shu-lcof,,2,False
100322,he-wei-sde-liang-ge-shu-zi-lcof,,1,False
100321,shu-zu-zhong-shu-zi-chu-xian-de-ci-shu-ii-lcof,,2,False
100320,shu-zu-zhong-shu-zi-chu-xian-de-ci-shu-lcof,,2,False
100319,er-cha-shu-de-shen-du-lcof,,1,False
100318,shu-zu-zhong-de-ni-xu-dui-lcof,,3,False
100317,er-cha-shu-zhong-he-wei-mou-yi-zhi-de-lu-jing-lcof,,2,False
100316,di-yi-ge-zhi-chu-xian-yi-ci-de-zi-fu-lcof,ac,1,False
100315,er-cha-sou-suo-shu-de-hou-xu-bian-li-xu-lie-lcof,,2,False
100314,cong-shang-dao-xia-da-yin-er-cha-shu-iii-lcof,,2,False
100313,shu-zi-xu-lie-zhong-mou-yi-wei-de-shu-zi-lcof,,2,False
100312,cong-shang-dao-xia-da-yin-er-cha-shu-ii-lcof,,1,False
100311,cong-shang-dao-xia-da-yin-er-cha-shu-lcof,,2,False
100310,shu-zu-zhong-chu-xian-ci-shu-chao-guo-yi-ban-de-shu-zi-lcof,,1,False
100309,1nzheng-shu-zhong-1chu-xian-de-ci-shu-lcof,,2,False
100308,zi-fu-chuan-de-pai-lie-lcof,,2,False
100307,xu-lie-hua-er-cha-shu-lcof,,3,False
100306,zhan-de-ya-ru-dan-chu-xu-lie-lcof,,2,False
100305,er-cha-sou-suo-shu-yu-shuang-xiang-lian-biao-lcof,,2,False
100304,lian-xu-zi-shu-zu-de-zui-da-he-lcof,,1,False
100303,shu-ju-liu-zhong-de-zhong-wei-shu-lcof,,3,False
100302,bao-han-minhan-shu-de-zhan-lcof,,1,False
100301,zui-xiao-de-kge-shu-lcof,,1,False
100300,fu-za-lian-biao-de-fu-zhi-lcof,,2,False
100299,shan-chu-lian-biao-de-jie-dian-lcof,,1,False
100298,fan-zhuan-lian-biao-lcof,ac,1,False
100297,zheng-ze-biao-da-shi-pi-pei-lcof,,3,False
100296,da-yin-cong-1dao-zui-da-de-nwei-shu-lcof,,1,False
100295,shu-zhi-de-zheng-shu-ci-fang-lcof,,2,False
100294,lian-biao-zhong-dao-shu-di-kge-jie-dian-lcof,,1,False
100293,shun-shi-zhen-da-yin-ju-zhen-lcof,,1,False
100292,er-jin-zhi-zhong-1de-ge-shu-lcof,,1,False
100291,diao-zheng-shu-zu-shun-xu-shi-qi-shu-wei-yu-ou-shu-qian-mian-lcof,,1,False
100290,biao-shi-shu-zhi-de-zi-fu-chuan-lcof,,2,False
100289,dui-cheng-de-er-cha-shu-lcof,,1,False
100288,er-cha-shu-de-jing-xiang-lcof,,1,False
100287,shu-de-zi-jie-gou-lcof,,2,False
100286,he-bing-liang-ge-pai-xu-de-lian-biao-lcof,,1,False
100285,jian-sheng-zi-ii-lcof,,2,False
100284,jian-sheng-zi-lcof,,2,False
100283,zhong-jian-er-cha-shu-lcof,,2,False
100282,cong-wei-dao-tou-da-yin-lian-biao-lcof,,1,False
100281,ji-qi-ren-de-yun-dong-fan-wei-lcof,,2,False
100280,ti-huan-kong-ge-lcof,,1,False
100279,ju-zhen-zhong-de-lu-jing-lcof,,2,False
100278,xuan-zhuan-shu-zu-de-zui-xiao-shu-zi-lcof,,1,False
100277,qing-wa-tiao-tai-jie-wen-ti-lcof,,1,False
100276,er-wei-shu-zu-zhong-de-cha-zhao-lcof,,1,False
100275,shu-zu-zhong-zhong-fu-de-shu-zi-lcof,,1,False
100274,fei-bo-na-qi-shu-lie-lcof,,1,False
100273,yong-liang-ge-zhan-shi-xian-dui-lie-lcof,,1,False
100262,smallest-difference-lcci,,2,False
100261,tic-tac-toe-lcci,,2,False
100260,intersection-lcci,,3,False
100259,words-frequency-lcci,,2,False
100258,swap-numbers-lcci,,2,False
100242,sparse-array-search-lcci,,1,False
100241,permutation-i-lcci,,2,False
100240,magic-index-lcci,,1,False
100233,eight-queens-lcci,,3,False
100232,search-rotate-array-lcci,,2,False
100231,coin-lcci,,2,False
100230,reverse-bits-lcci,,1,False
100229,check-subtree-lcci,,2,False
100228,animal-shelter-lcci,,1,False
100203,bianry-number-to-string-lcci,,2,False
100202,pile-box-lcci,,3,False
100201,color-fill-lcci,,1,False
100200,bracket-lcci,,2,False
100199,recursive-mulitply-lcci,,2,False
100198,power-set-lcci,,2,False
100197,three-steps-problem-lcci,,1,False
100196,draw-line-lcci,,2,False
100195,stack-of-plates-lcci,,2,False
100188,sum-lists-lcci,,2,False
100187,delete-middle-node-lcci,,1,False
100186,zero-matrix-lcci,,2,False
100185,rotate-matrix-lcci,,2,False
100184,palindrome-permutation-lcci,,1,False
100183,closed-number-lcci,,2,False
100182,exchange-lcci,,1,False
100181,convert-integer-lcci,,1,False
100180,insert-into-bits-lcci,,1,False
100179,first-common-ancestor-lcci,,2,False
100178,successor-lcci,,2,False
100177,legal-binary-search-tree-lcci,,2,False
100176,check-balance-lcci,,1,False
100175,list-of-depth-lcci,,2,False
100174,minimum-height-tree-lcci,,1,False
100173,sort-of-stacks-lcci,,2,False
100172,three-in-one-lcci,,1,False
100171,route-between-nodes-lcci,,2,False
100170,implement-queue-using-stacks-lcci,,1,False
100169,min-stack-lcci,ac,1,False
100168,linked-list-cycle-lcci,,2,False
100167,intersection-of-two-linked-lists-lcci,,1,False
100164,palindrome-linked-list-lcci,,1,False
100163,remove-duplicate-node-lcci,,1,False
100162,string-rotation-lcci,,1,False
100161,compress-string-lcci,,1,False
100160,string-to-url-lcci,,1,False
100159,check-permutation-lcci,,1,False
100158,is-unique-lcci,,1,False
100107,guess-numbers,,1,False
100096,programmable-robot,,2,False
100094,coin-bonus,,3,False
100093,broken-board-dominoes,,3,False
100092,deep-dark-fraction,,1,False
1625,group-sold-products-by-the-date,,1,True
1624,clone-binary-tree-with-random-pointer,,2,True
1623,sales-by-day-of-the-week,,3,True
1618,delete-n-nodes-after-m-nodes-of-a-linked-list,,1,True
1609,find-all-the-lonely-nodes,,1,True
1608,calculate-salaries,,2,True
1607,rectangles-area,,2,True
1605,minimum-number-of-days-to-make-m-bouquets,,2,False
1604,least-number-of-unique-integers-after-k-removals,,2,False
1603,running-sum-of-1d-array,,1,False
1583,paint-house-iii,,3,False
1582,design-browser-history,,2,False
1581,the-k-strongest-values-in-an-array,,2,False
1580,shuffle-the-array,,1,False
1579,active-users,,2,True
1578,apples-oranges,,2,True
1577,probability-of-a-two-boxes-having-the-same-number-of-distinct-balls,,3,False
1576,reorder-routes-to-make-all-paths-lead-to-the-city-zero,,2,False
1575,maximum-area-of-a-piece-of-cake-after-horizontal-and-vertical-cuts,,2,False
1574,maximum-product-of-two-elements-in-an-array,,1,False
1573,find-two-non-overlapping-sub-arrays-each-with-target-sum,,2,False
1572,subrectangle-queries,,2,False
1571,allocate-mailboxes,,3,False
1570,final-prices-with-a-special-discount-in-a-shop,,1,False
1569,max-dot-product-of-two-subsequences,,3,False
1568,pseudo-palindromic-paths-in-a-binary-tree,,2,False
1567,maximum-number-of-vowels-in-a-substring-of-given-length,,2,False
1566,check-if-a-word-occurs-as-a-prefix-of-any-word-in-a-sentence,,1,False
1565,evaluate-boolean-expression,,2,True
1564,create-a-session-bar-chart,,1,True
1563,maximum-number-of-darts-inside-of-a-circular-dartboard,,3,False
1562,people-whose-list-of-favorite-companies-is-not-a-subset-of-another-list,,2,False
1561,rearrange-words-in-a-sentence,,2,False
1560,number-of-students-doing-homework-at-a-given-time,,1,False
1559,cherry-pickup-ii,,3,False
1558,course-schedule-iv,,2,False
1557,check-if-a-string-contains-all-binary-codes-of-size-k,,2,False
1556,make-two-arrays-equal-by-reversing-sub-arrays,,1,False
1555,number-of-ways-of-cutting-a-pizza,,3,False
1554,minimum-time-to-collect-all-apples-in-a-tree,,2,False
1553,count-triplets-that-can-form-two-arrays-of-equal-xor,,2,False
1552,build-an-array-with-stack-operations,,1,False
1551,npv-queries,,2,True
1550,find-the-kth-smallest-sum-of-a-matrix-with-sorted-rows,,3,False
1549,longest-continuous-subarray-with-absolute-diff-less-than-or-equal-to-limit,,2,False
1548,check-if-all-1s-are-at-least-length-k-places-away,,2,False
1547,destination-city,,1,False
1546,find-the-quiet-students-in-all-exams,,3,True
1545,form-largest-integer-with-digits-that-add-up-to-target,,3,False
1544,count-good-nodes-in-binary-tree,,2,False
1543,simplified-fractions,,2,False
1542,consecutive-characters,,1,False
1541,top-travellers,,1,True
1539,diagonal-traverse-ii,,2,False
1538,maximum-points-you-can-obtain-from-cards,,2,False
1537,maximum-score-after-splitting-a-string,,1,False
1536,customers-who-bought-products-a-and-b-but-not-c,,2,True
1535,build-array-where-you-can-find-the-maximum-exactly-k-comparisons,,3,False
1534,minimum-number-of-frogs-croaking,,2,False
1533,display-table-of-food-orders-in-a-restaurant,,2,False
1532,reformat-the-string,,1,False
1531,number-of-ways-to-wear-different-hats-to-each-other,,3,False
1530,check-if-a-string-can-break-another-string,,2,False
1529,max-difference-you-can-get-from-changing-an-integer,,2,False
1528,kids-with-the-greatest-number-of-candies,,1,False
1527,number-of-ways-to-paint-n-x-3-grid,,3,False
1526,html-entity-parser,,2,False
1525,queries-on-a-permutation-with-key,,2,False
1524,string-matching-in-an-array,,1,False
1523,capital-gainloss,,2,True
1522,stone-game-iii,,3,False
1520,number-of-steps-to-reduce-a-number-in-binary-representation-to-one,,2,False
1519,minimum-subsequence-in-non-increasing-order,,1,False
1518,total-sales-amount-by-year,,3,True
1517,restore-the-array,,3,False
1516,the-k-th-lexicographical-string-of-all-happy-strings-of-length-n,,2,False
1515,find-the-minimum-number-of-fibonacci-numbers-whose-sum-is-k,,2,False
1514,minimum-value-to-get-positive-step-by-step-sum,,1,False
1513,find-all-good-strings,,3,False
1512,design-underground-system,,2,False
1511,count-number-of-teams,,2,False
1510,find-lucky-integer-in-an-array,,1,False
1509,replace-employee-id-with-the-unique-identifier,,1,True
1508,longest-happy-prefix,,3,False
1507,check-if-there-is-a-valid-path-in-a-grid,,2,False
1505,create-target-array-in-the-given-order,,1,False
1504,get-the-second-most-recent-activity,,3,True
1503,reducing-dishes,,3,False
1502,construct-k-palindrome-strings,,2,False
1501,circle-and-rectangle-overlapping,,2,False
1500,count-largest-group,,1,False
1499,maximum-performance-of-a-team,,3,False
1498,find-a-corresponding-node-of-a-binary-tree-in-a-clone-of-that-tree,,2,False
1497,design-a-stack-with-increment-operation,,2,False
1496,lucky-numbers-in-a-matrix,,1,False
1495,number-of-trusted-contacts-of-a-customer,,2,True
1494,activity-participants,,2,True
1493,frog-position-after-t-seconds,,3,False
1492,time-needed-to-inform-all-employees,,2,False
1491,bulb-switcher-iii,,2,False
1490,generate-a-string-with-characters-that-have-odd-counts,,1,False
1489,pizza-with-3n-slices,,3,False
1488,sort-integers-by-the-power-value,,2,False
1487,cinema-seat-allocation,,2,False
1486,find-the-distance-value-between-two-arrays,,1,False
1485,minimum-cost-to-make-at-least-one-valid-path-in-a-grid,,3,False
1484,linked-list-in-binary-tree,,2,False
1483,rank-teams-by-votes,,2,False
1482,how-many-numbers-are-smaller-than-the-current-number,,1,False
1481,students-with-invalid-departments,,1,True
1480,movie-rating,,2,True
1479,construct-target-array-with-multiple-sums,,3,False
1478,maximum-number-of-events-that-can-be-attended,,2,False
1477,product-of-the-last-k-numbers,,2,False
1476,count-negative-numbers-in-a-sorted-matrix,,1,False
1475,maximum-sum-bst-in-binary-tree,,3,False
1474,longest-zigzag-path-in-a-binary-tree,,2,False
1473,find-the-longest-substring-containing-vowels-in-even-counts,,2,False
1472,increasing-decreasing-string,,1,False
1471,maximum-students-taking-exam,,3,False
1470,tweet-counts-per-frequency,,2,False
1469,minimum-number-of-steps-to-make-two-strings-anagram,,2,False
1468,check-if-n-and-its-double-exist,,1,False
1467,number-of-transactions-per-visit,,3,True
1466,jump-game-v,,3,False
1465,maximum-product-of-splitted-binary-tree,,2,False
1464,reduce-array-size-to-the-half,,2,False
1463,the-k-weakest-rows-in-a-matrix,,1,False
1462,list-the-products-ordered-in-a-period,,1,True
1461,count-all-valid-pickup-and-delivery-options,,3,False
1460,number-of-substrings-containing-all-three-characters,,2,False
1459,apply-discount-every-n-orders,,2,False
1458,sort-integers-by-the-number-of-1-bits,,1,False
1457,minimum-difficulty-of-a-job-schedule,,3,False
1456,find-the-city-with-the-smallest-number-of-neighbors-at-a-threshold-distance,ac,2,False
1455,filter-restaurants-by-vegan-friendly-price-and-distance,,2,False
1454,remove-palindromic-subsequences,,1,False
1453,ads-performance,,1,True
1452,restaurant-growth,,2,True
1451,minimum-number-of-taps-to-open-to-water-a-garden,,3,False
1450,delete-leaves-with-a-given-value,,2,False
1449,print-words-vertically,,2,False
1448,maximum-69-number,,1,False
1447,jump-game-iv,,3,False
1446,angle-between-hands-of-a-clock,,2,False
1445,number-of-sub-arrays-of-size-k-and-average-greater-than-or-equal-to-threshold,,2,False
1444,number-of-steps-to-reduce-a-number-to-zero,,1,False
1443,minimum-distance-to-type-a-word-using-two-fingers,,3,False
1442,number-of-operations-to-make-network-connected,,2,False
1441,minimum-flips-to-make-a-or-b-equal-to-c,,2,False
1440,convert-integer-to-the-sum-of-two-no-zero-integers,,1,False
1439,running-total-for-different-genders,,2,True
1438,find-the-team-size,,1,True
1437,minimum-insertion-steps-to-make-a-string-palindrome,,3,False
1436,get-watched-videos-by-your-friends,,2,False
1435,xor-queries-of-a-subarray,,2,False
1434,decrypt-string-from-alphabet-to-integer-mapping,,1,False
1432,check-if-a-string-is-a-valid-sequence-from-root-to-leaves-path-in-a-binary-tree,,2,True
1429,verbal-arithmetic-puzzle,,3,False
1428,jump-game-iii,,2,False
1427,all-elements-in-two-binary-search-trees,,2,False
1426,find-n-unique-integers-sum-up-to-zero,,1,False
1425,weather-type-in-each-country,,1,True
1424,maximum-candies-you-can-get-from-boxes,,3,False
1423,maximum-number-of-occurrences-of-a-substring,,2,False
1422,divide-array-in-sets-of-k-consecutive-numbers,,2,False
1421,find-numbers-with-even-number-of-digits,,1,False
1420,find-the-start-and-end-number-of-continuous-ranges,,2,True
1415,students-and-examinations,,1,True
1414,shortest-path-in-a-grid-with-obstacles-elimination,,3,False
1413,maximum-side-length-of-a-square-with-sum-less-than-or-equal-to-threshold,,2,False
1411,convert-binary-number-in-a-linked-list-to-integer,,1,False
1410,traffic-light-controlled-intersection,,1,True
1409,minimum-number-of-flips-to-convert-binary-matrix-to-zero-matrix,,3,False
1408,find-the-smallest-divisor-given-a-threshold,,2,False
1407,group-the-people-given-the-group-size-they-belong-to,,2,False
1406,subtract-the-product-and-sum-of-digits-of-an-integer,,1,False
1405,all-people-report-to-the-given-manager,,2,True
1404,print-immutable-linked-list-in-reverse,,2,True
1403,palindrome-partitioning-iii,,3,False
1402,count-square-submatrices-with-all-ones,,2,False
1401,number-of-burgers-with-no-waste-of-ingredients,,2,False
1400,find-winner-on-a-tic-tac-toe-game,,1,False
1399,page-recommendations,,2,True
1398,number-of-ways-to-stay-in-the-same-place-after-some-steps,,3,False
1397,search-suggestions-system,,2,False
1396,count-servers-that-communicate,,2,False
1395,minimum-time-visiting-all-points,,1,False
1391,counting-elements,,1,True
1390,average-selling-price,,1,True
1389,minimum-moves-to-move-a-box-to-their-target-location,,3,False
1388,greatest-sum-divisible-by-three,,2,False
1387,find-elements-in-a-contaminated-binary-tree,,2,False
1386,shift-2d-grid,,1,False
1381,maximum-score-words-formed-by-letters,,3,False
1380,number-of-closed-islands,,2,False
1379,reconstruct-a-2-row-binary-matrix,,2,False
1378,cells-with-odd-values-in-a-matrix,,1,False
1377,number-of-comments-per-post,,1,True
1374,leftmost-column-with-at-least-a-one,,2,True
1372,check-if-it-is-a-good-array,,3,False
1371,minimum-remove-to-make-valid-parentheses,,2,False
1370,count-number-of-nice-subarrays,,2,False
1369,minimum-swaps-to-make-strings-equal,,2,False
1368,web-crawler-multithreaded,,2,True
1366,first-unique-number,,2,True
1362,airplane-seat-assignment-probability,,2,False
1361,tiling-a-rectangle-with-the-fewest-squares,,3,False
1360,maximum-length-of-a-concatenated-string-with-unique-characters,,2,False
1359,circular-permutation-in-binary-representation,,2,False
1358,find-positive-integer-solution-for-a-given-equation,,1,False
1357,report-contiguous-dates,,3,True
1352,maximum-profit-in-job-scheduling,,3,False
1351,replace-the-substring-for-balanced-string,,2,False
1350,remove-sub-folders-from-the-filesystem,,2,False
1349,check-if-it-is-a-straight-line,,1,False
1345,perform-string-shifts,,1,True
1344,maximum-equal-frequency,,3,False
1343,dice-roll-simulation,,2,False
1342,queens-that-can-attack-the-king,,2,False
1341,split-a-string-in-balanced-strings,,1,False
1340,the-dining-philosophers,,2,False
1339,team-scores-in-football-tournament,,2,True
1338,queries-quality-and-percentage,,1,True
1337,design-skiplist,,3,False
1332,count-vowels-permutation,,3,False
1331,path-with-maximum-gold,,2,False
1330,longest-arithmetic-subsequence-of-given-difference,,2,False
1329,play-with-chips,,1,False
1328,monthly-transactions-ii,,2,True
1327,last-person-to-fit-in-the-elevator,,2,True
1322,minimum-moves-to-reach-target-with-rotations,,3,False
1321,get-equal-substrings-within-budget,,2,False
1320,remove-all-adjacent-duplicates-in-string-ii,,2,False
1319,unique-number-of-occurrences,,1,False
1318,tournament-winners,,3,True
1317,monthly-transactions-i,,2,True
1316,fizz-buzz-multithreaded,,2,False
1309,sort-items-by-groups-respecting-dependencies,,3,False
1308,smallest-string-with-swaps,,2,False
1307,ugly-number-iii,,2,False
1306,minimum-absolute-difference,,1,False
1304,longest-happy-string,,2,False
1301,reformat-department-table,,1,False
1300,critical-connections-in-a-network,,3,False
1299,k-concatenation-maximum-sum,,2,False
1298,reverse-substrings-between-each-pair-of-parentheses,,2,False
1297,maximum-number-of-balloons,,1,False
1296,kth-ancestor-of-a-tree-node,,3,False
1292,immediate-food-delivery-ii,,2,True
1291,immediate-food-delivery-i,,1,True
1290,make-array-strictly-increasing,,3,False
1289,day-of-the-week,,1,False
1288,maximum-subarray-sum-with-one-deletion,,2,False
1287,distance-between-bus-stops,,1,False
1286,constrained-subsequence-sum,,3,False
1285,balance-a-binary-search-tree,,2,False
1284,four-divisors,,2,False
1282,number-of-valid-words-for-each-puzzle,,3,False
1281,can-make-palindrome-from-substring,,2,False
1280,diet-plan-performance,,1,True
1279,prime-arrangements,,1,False
1278,product-price-at-a-given-date,,2,True
1277,largest-multiple-of-three,,3,False
1276,closest-divisors,,2,False
1275,validate-binary-tree-nodes,,2,False
1274,number-of-days-between-two-dates,,1,False
1273,compare-strings-by-frequency-of-the-smallest-character,,1,False
1272,invalid-transactions,,2,False
1271,web-crawler,,2,True
1270,dinner-plate-stacks,,3,False
1269,market-analysis-ii,,3,True
1268,market-analysis-i,,2,True
1267,remove-zero-sum-consecutive-nodes-from-linked-list,,2,False
1263,number-of-dice-rolls-with-target-sum,,2,False
1262,online-majority-element-in-subarray,,3,False
1261,swap-for-longest-repeated-character-substring,,2,False
1260,day-of-the-year,,1,False
1259,article-views-ii,,2,True
1258,article-views-i,,1,True
1256,rank-transform-of-an-array,,1,False
1255,reverse-subarray-to-maximize-array-value,,3,False
1254,deepest-leaves-sum,,2,False
1253,sort-the-matrix-diagonally,,2,False
1252,break-a-palindrome,,2,False
1251,longest-chunked-palindrome-decomposition,,3,False
1250,longest-common-subsequence,,2,False
1249,snapshot-array,,2,False
1248,binary-tree-coloring-game,,2,False
1247,decrease-elements-to-make-array-zigzag,,2,False
1246,user-activity-for-the-past-30-days-ii,,1,True
1245,user-activity-for-the-past-30-days-i,,1,True
1244,distinct-echo-substrings,,3,False
1243,sum-of-nodes-with-even-valued-grandparent,,2,False
1242,matrix-block-sum,,2,False
1241,decompress-run-length-encoded-list,,1,False
1240,stone-game-ii,,2,False
1239,largest-1-bordered-square,,2,False
1238,alphabet-board-path,,2,False
1237,reported-posts-ii,,2,True
1236,n-th-tribonacci-number,,1,False
1234,number-of-paths-with-max-score,,3,False
1233,number-of-ships-in-a-rectangle,,3,True
1232,sum-of-mutated-array-closest-to-target,,2,False
1231,replace-elements-with-greatest-element-on-right-side,,1,False
1230,maximum-of-absolute-value-expression,,2,False
1229,shortest-path-with-alternating-colors,,2,False
1228,minimum-cost-tree-from-leaf-values,,2,False
1227,number-of-equivalent-domino-pairs,,1,False
1226,user-purchase-platform,,3,True
1225,active-businesses,,2,True
1224,minimum-falling-path-sum-ii,,3,False
1222,remove-covered-intervals,,2,False
1221,element-appearing-more-than-25-in-sorted-array,,1,False
1220,smallest-sufficient-team,,3,False
1219,longest-well-performing-interval,,2,False
1218,lowest-common-ancestor-of-deepest-leaves,,2,False
1217,relative-sort-array,,1,False
1216,print-zero-even-odd,,2,False
1215,reported-posts,,1,True
1214,highest-grade-for-each-student,,2,True
1213,handshakes-that-dont-cross,,3,True
1212,sequential-digits,,2,False
1211,iterator-for-combination,,2,False
1209,design-bounded-blocking-queue,,2,True
1208,maximum-nesting-depth-of-two-valid-parentheses-strings,,2,False
1207,delete-nodes-and-return-forest,,2,False
1206,corporate-flight-bookings,,2,False
1205,defanging-an-ip-address,,1,False
1204,new-users-daily-count,,2,True
1203,print-in-order,,1,False
1202,palindrome-removal,,3,True
1201,delete-tree-nodes,,2,True
1200,remove-interval,,2,True
1199,hexspeak,,1,True
1198,unpopular-books,,2,True
1197,parsing-a-boolean-expression,,3,False
1196,filling-bookcase-shelves,,2,False
1195,distribute-candies-to-people,,1,False
1194,path-in-zigzag-labelled-binary-tree,,2,False
1193,game-play-analysis-v,,3,True
1192,divide-chocolate,,3,True
1191,synonymous-sentences,,2,True
1190,smallest-common-region,,2,True
1189,encode-number,,2,True
1188,brace-expansion-ii,,3,False
1187,print-foobar-alternately,,2,False
1186,building-h2o,,2,False
1185,find-in-mountain-array,,3,False
1184,car-pooling,,2,False
1183,statistics-from-a-large-sample,,2,False
1182,game-play-analysis-iv,,2,True
1181,game-play-analysis-iii,,2,True
1180,game-play-analysis-ii,,1,True
1179,game-play-analysis-i,,1,True
1178,valid-palindrome-iii,,3,True
1177,tree-diameter,,2,True
1176,design-a-leaderboard,,2,True
1175,array-transformation,,1,True
1174,sales-analysis-iii,,1,True
1173,sales-analysis-ii,,1,True
1172,sales-analysis-i,,1,True
1171,shortest-path-in-binary-matrix,,2,False
1170,shortest-common-supersequence,,3,False
1169,largest-values-from-labels,,2,False
1168,duplicate-zeros,,1,False
1167,minimum-time-to-build-blocks,,3,True
1166,toss-strange-coins,,2,True
1165,meeting-scheduler,,2,True
1164,missing-number-in-arithmetic-progression,,1,True
1163,project-employees-iii,,2,True
1162,project-employees-ii,,1,True
1161,project-employees-i,,1,True
1160,letter-tile-possibilities,,2,False
1159,smallest-subsequence-of-distinct-characters,,2,False
1157,insufficient-nodes-in-root-to-leaf-paths,ac,2,False
1156,occurrences-after-bigram,,1,False
1155,product-sales-analysis-iii,,2,True
1154,product-sales-analysis-ii,,1,True
1153,product-sales-analysis-i,,1,True
1152,maximum-number-of-ones,,3,True
1151,stepping-numbers,,2,True
1150,two-sum-bsts,,2,True
1149,intersection-of-three-sorted-arrays,,1,True
1148,adding-two-negabinary-numbers,,2,False
1147,flip-columns-for-maximum-number-of-equal-rows,,2,False
1146,greatest-common-divisor-of-strings,,1,False
1145,number-of-submatrices-that-sum-to-target,,3,False
1144,optimize-water-distribution-in-a-village,,3,True
1143,find-smallest-common-element-in-all-rows,,2,True
1142,minimum-knight-moves,,2,True
1141,how-many-apples-can-you-put-into-the-basket,,1,True
1140,distant-barcodes,,2,False
1139,previous-permutation-with-one-swap,,2,False
1138,grumpy-bookstore-owner,,2,False
1137,height-checker,,1,False
1136,actors-and-directors-who-cooperated-at-least-three-times,,1,True
1135,customers-who-bought-all-products,,2,True
1134,shortest-distance-to-target-color,,2,True
1133,last-substring-in-lexicographical-order,,3,False
1132,before-and-after-puzzle,,2,True
1131,count-substrings-with-only-one-distinct-letter,,1,True
1130,last-stone-weight-ii,,2,False
1129,longest-string-chain,,2,False
1128,remove-all-adjacent-duplicates-in-string,,1,False
1127,last-stone-weight,ac,1,False
1126,minimum-cost-to-connect-sticks,,2,True
1125,design-file-system,,2,True
1124,string-transforms-into-another-string,,3,True
1123,single-row-keyboard,,1,True
1122,longest-duplicate-substring,,3,False
1121,partition-array-for-maximum-sum,,2,False
1120,flower-planting-with-no-adjacent,,1,False
1119,robot-bounded-in-circle,,2,False
1118,divide-array-into-increasing-sequences,,3,True
1117,as-far-from-land-as-possible,,2,False
1116,maximum-level-sum-of-a-binary-tree,ac,2,False
1115,valid-boomerang,,1,False
1114,binary-search-tree-to-greater-sum-tree,ac,2,False
1113,moving-stones-until-consecutive-ii,,2,False
1112,find-words-that-can-be-formed-by-characters,,1,False
1111,minimum-score-triangulation-of-polygon,,2,False
1108,analyze-user-website-visit-pattern,,2,True
1107,minimum-swaps-to-group-all-1s-together,,2,True
1106,escape-a-large-maze,,3,False
1105,uncrossed-lines,,2,False
1104,coloring-a-border,,2,False
1103,moving-stones-until-consecutive,,1,False
1102,check-if-a-number-is-majority-element-in-a-sorted-array,,1,True
1101,parallel-courses,,3,True
1100,connecting-cities-with-minimum-cost,ac,2,True
1099,path-with-maximum-minimum-value,,2,True
1098,largest-unique-number,,1,True
1097,stream-of-characters,,3,False
1096,maximum-sum-of-two-non-overlapping-subarrays,,2,False
1095,two-city-scheduling,,1,False
1094,matrix-cells-in-distance-order,,1,False
1093,recover-a-tree-from-preorder-traversal,,3,False
1092,maximum-difference-between-node-and-ancestor,,2,False
1091,maximum-average-subtree,ac,2,True
1090,armstrong-number,,1,True
1089,remove-vowels-from-a-string,,1,True
1088,number-of-days-in-a-month,,1,True
1087,longest-arithmetic-sequence,,2,False
1086,divisor-game,,1,False
1085,the-earliest-moment-when-everyone-become-friends,,2,True
1084,find-k-length-substrings-with-no-repeated-characters,,2,True
1083,two-sum-less-than-k,,1,True
1082,sum-of-digits-in-the-minimum-number,,1,True
1081,video-stitching,,2,False
1080,camelcase-matching,,2,False
1079,sum-of-root-to-leaf-binary-numbers,,1,False
1078,remove-outermost-parentheses,,1,False
1077,confusing-number-ii,,3,True
1076,brace-expansion,,2,True
1075,index-pairs-of-a-string,,1,True
1074,high-five,,1,True
1073,number-of-enclaves,,2,False
1072,next-greater-node-in-linked-list,,2,False
1071,binary-prefix-divisible-by-5,,1,False
1070,convert-to-base-2,,2,False
1069,confusing-number,,1,True
1068,digit-count-in-range,,3,True
1067,campus-bikes-ii,,2,True
1066,fixed-point,,1,True
1065,binary-string-with-substrings-representing-1-to-n,,2,False
1064,smallest-integer-divisible-by-k,,2,False
1063,best-sightseeing-pair,,2,False
1062,partition-array-into-three-parts-with-equal-sum,,1,False
1061,number-of-valid-subarrays,,3,True
1060,longest-repeating-substring,,2,True
1059,missing-element-in-sorted-array,,2,True
1058,lexicographically-smallest-equivalent-string,,2,True
1057,numbers-with-repeated-digits,,3,False
1056,capacity-to-ship-packages-within-d-days,,2,False
1055,pairs-of-songs-with-total-durations-divisible-by-60,,1,False
1054,complement-of-base-10-integer,,1,False
1053,minimize-rounding-error-to-meet-target,,2,True
1052,campus-bikes,,2,True
1051,shortest-way-to-form-string,,2,True
1050,construct-binary-search-tree-from-preorder-traversal,,2,False
1049,minimum-domino-rotations-for-equal-row,,2,False
1048,clumsy-factorial,,2,False
1047,maximize-sum-of-array-after-k-negations,,1,False
1046,max-consecutive-ones-iii,,2,False
1045,check-if-word-is-valid-after-substitutions,,2,False
1044,find-common-characters,,1,False
1043,grid-illumination,,3,False
1042,minimum-cost-to-merge-stones,,3,False
1041,available-captures-for-rook,,1,False
1040,maximum-binary-tree-ii,,2,False
1039,find-the-town-judge,ac,1,False
1038,number-of-squareful-arrays,,3,False
1037,minimum-number-of-k-consecutive-bit-flips,,3,False
1036,rotting-oranges,,2,False
1035,cousins-in-binary-tree,,1,False
1034,subarrays-with-k-different-integers,,3,False
1033,broken-calculator,,2,False
1032,satisfiability-of-equality-equations,,2,False
1031,add-to-array-form-of-integer,,1,False
1030,smallest-string-starting-from-leaf,,2,False
1029,vertical-order-traversal-of-a-binary-tree,,2,False
1028,interval-list-intersections,ac,2,False
1027,sum-of-even-numbers-after-queries,,1,False
1026,string-without-aaa-or-bbb,,2,False
1025,minimum-cost-for-tickets,,2,False
1024,triples-with-bitwise-and-equal-to-zero,,3,False
1023,time-based-key-value-store,,2,False
1022,unique-paths-iii,,3,False
1021,distribute-coins-in-binary-tree,,2,False
1020,longest-turbulent-subarray,,2,False
1019,squares-of-a-sorted-array,,1,False
1018,largest-perimeter-triangle,,1,False
1017,odd-even-jump,,3,False
1016,subarray-sums-divisible-by-k,,2,False
1014,k-closest-points-to-origin,,2,False
1013,fibonacci-number,,1,False
1012,equal-rational-numbers,,3,False
1011,flip-binary-tree-to-match-preorder-traversal,,2,False
1010,powerful-integers,,1,False
1009,pancake-sorting,,2,False
1008,binary-tree-cameras,,3,False
1007,numbers-with-same-consecutive-differences,,2,False
1006,vowel-spellchecker,,2,False
1005,univalued-binary-tree,,1,False
1004,least-operators-to-express-number,,3,False
1003,minimum-area-rectangle-ii,,2,False
1002,maximum-width-ramp,,2,False
1001,n-repeated-element-in-size-2n-array,,1,False
1000,delete-columns-to-make-sorted-iii,,3,False
999,regions-cut-by-slashes,,2,False
998,check-completeness-of-a-binary-tree,,2,False
994,prison-cells-after-n-days,,2,False
993,tallest-billboard,,3,False
992,delete-columns-to-make-sorted-ii,,2,False
991,array-of-doubled-pairs,,2,False
990,verifying-an-alien-dictionary,,1,False
989,largest-component-size-by-common-factor,,3,False
988,flip-equivalent-binary-trees,,2,False
987,reveal-cards-in-increasing-order,,2,False
986,largest-time-for-given-digits,,1,False
985,bag-of-tokens,,2,False
984,most-stones-removed-with-same-row-or-column,,2,False
983,validate-stack-sequences,ac,2,False
982,minimum-increment-to-make-array-unique,,2,False
981,delete-columns-to-make-sorted,,1,False
980,find-the-shortest-superstring,,3,False
979,di-string-match,,1,False
978,valid-mountain-array,,1,False
977,distinct-subsequences-ii,,3,False
976,minimum-area-rectangle,,2,False
975,range-sum-of-bst,,1,False
974,reorder-data-in-log-files,,1,False
973,stamping-the-sequence,,3,False
972,knight-dialer,,2,False
971,shortest-bridge,,2,False
969,number-of-recent-calls,,1,False
968,beautiful-array,,2,False
967,minimum-falling-path-sum,,2,False
966,binary-subarrays-with-sum,,2,False
965,unique-email-addresses,,1,False
964,minimize-malware-spread-ii,,3,False
963,three-equal-parts,,3,False
962,flip-string-to-monotone-increasing,,2,False
961,long-pressed-name,,1,False
960,minimize-malware-spread,,3,False
959,3sum-with-multiplicity,,2,False
958,sort-array-by-parity-ii,,1,False
957,minimum-add-to-make-parentheses-valid,,2,False
956,number-of-music-playlists,,3,False
955,complete-binary-tree-inserter,,2,False
954,maximum-sum-circular-subarray,,2,False
953,reverse-only-letters,,1,False
952,word-subsets,,2,False
951,partition-array-into-disjoint-intervals,,2,False
950,x-of-a-kind-in-a-deck-of-cards,,1,False
949,cat-and-mouse,,3,False
948,sort-an-array,,2,False
947,online-election,,2,False
946,smallest-range-ii,,2,False
945,snakes-and-ladders,,2,False
944,smallest-range-i,,1,False
943,sum-of-subarray-minimums,,2,False
942,super-palindromes,,3,False
941,sort-array-by-parity,,1,False
940,fruit-into-baskets,,2,False
939,valid-permutations-for-di-sequence,,3,False
938,numbers-at-most-n-given-digit-set,,3,False
937,online-stock-span,,2,False
936,rle-iterator,,2,False
935,orderly-queue,,3,False
934,bitwise-ors-of-subarrays,,2,False
933,increasing-order-search-tree,,1,False
932,monotonic-array,,1,False
931,maximum-frequency-stack,,3,False
930,all-possible-full-binary-trees,,2,False
929,groups-of-special-equivalent-strings,,1,False
928,surface-area-of-3d-shapes,ac,1,False
927,sum-of-subsequence-widths,,3,False
926,find-and-replace-pattern,,2,False
925,construct-binary-tree-from-preorder-and-postorder-traversal,,2,False
924,fair-candy-swap,,1,False
923,super-egg-drop,,3,False
922,possible-bipartition,,2,False
921,spiral-matrix-iii,,2,False
920,uncommon-words-from-two-sentences,,1,False
919,projection-area-of-3d-shapes,,1,False
918,reachable-nodes-in-subdivided-graph,,3,False
917,boats-to-save-people,,2,False
916,decoded-string-at-index,,2,False
915,generate-random-point-in-a-circle,,2,False
914,random-point-in-non-overlapping-rectangles,,2,False
913,random-flip-matrix,,2,False
912,random-pick-with-weight,,2,False
911,profitable-schemes,,3,False
910,nth-magical-number,,3,False
909,stone-game,,2,False
908,middle-of-the-linked-list,ac,1,False
907,koko-eating-bananas,,2,False
906,walking-robot-simulation,,1,False
905,length-of-longest-fibonacci-subsequence,,2,False
904,leaf-similar-trees,,1,False
903,implement-rand10-using-rand7,,2,False
902,minimum-number-of-refueling-stops,,3,False
901,advantage-shuffle,,2,False
900,reordered-power-of-2,,2,False
899,binary-gap,,1,False
898,transpose-matrix,,1,False
897,prime-palindrome,,2,False
896,smallest-subtree-with-all-the-deepest-nodes,,2,False
895,shortest-path-to-get-all-keys,,3,False
894,random-pick-with-blacklist,,3,False
893,all-nodes-distance-k-in-binary-tree,ac,2,False
892,shortest-subarray-with-sum-at-least-k,,3,False
891,score-after-flipping-matrix,,2,False
890,lemonade-change,,1,False
889,buddy-strings,,1,False
888,mirror-reflection,,2,False
887,minimum-cost-to-hire-k-workers,,3,False
886,score-of-parentheses,,2,False
885,exam-room,,2,False
884,k-similar-strings,,3,False
883,car-fleet,,2,False
882,peak-index-in-a-mountain-array,,1,False
881,loud-and-rich,,2,False
880,rectangle-area-ii,,3,False
879,maximize-distance-to-closest-person,,1,False
878,shifting-letters,,2,False
877,shortest-path-visiting-all-nodes,,3,False
876,hand-of-straights,,2,False
875,longest-mountain-in-array,,2,False
874,backspace-string-compare,,1,False
873,guess-the-word,,3,False
872,split-array-into-fibonacci-sequence,,2,False
871,keys-and-rooms,,2,False
870,magic-squares-in-grid,,1,False
869,similar-string-groups,,3,False
868,push-dominoes,,2,False
867,new-21-game,,2,False
866,rectangle-overlap,ac,1,False
865,robot-room-cleaner,,3,True
864,image-overlap,,2,False
863,sum-of-distances-in-tree,,3,False
862,find-and-replace-in-string,,2,False
861,flipping-an-image,,1,False
860,design-circular-queue,ac,2,False
859,design-circular-deque,,2,False
858,masking-personal-information,,2,False
857,positions-of-large-groups,,1,False
856,consecutive-numbers-sum,,3,False
855,count-unique-characters-of-all-substrings-of-a-given-string,,3,False
854,making-a-large-island,,3,False
853,most-profit-assigning-work,,2,False
852,friends-of-appropriate-ages,,2,False
851,goat-latin,,1,False
850,insert-into-a-sorted-circular-linked-list,,2,True
843,binary-trees-with-factors,,2,False
842,card-flipping-game,,2,False
841,shortest-distance-to-a-character,,1,False
839,short-encoding-of-words,,2,False
838,design-linked-list,ac,2,False
837,most-common-word,,1,False
836,race-car,,3,False
835,linked-list-components,,2,False
834,ambiguous-coordinates,,2,False
833,bus-routes,,3,False
832,binary-tree-pruning,ac,2,False
831,largest-sum-of-averages,,2,False
830,largest-triangle-area,,1,False
829,subdomain-visit-count,,1,False
828,chalkboard-xor-game,,3,False
827,expressive-words,,2,False
826,soup-servings,,2,False
825,max-increase-to-keep-city-skyline,,2,False
824,number-of-lines-to-write-string,,1,False
823,split-array-with-same-average,,3,False
822,unique-morse-code-words,,1,False
821,bricks-falling-when-hit,,3,False
820,find-eventual-safe-states,,2,False
819,minimum-swaps-to-make-sequences-increasing,,2,False
818,similar-rgb-color,,1,True
817,design-hashmap,,1,False
816,design-hashset,,1,False
815,champagne-tower,,2,False
814,smallest-rotation-with-highest-score,,3,False
813,all-paths-from-source-to-target,,2,False
812,rotate-string,,1,False
811,number-of-subarrays-with-bounded-maximum,,2,False
810,valid-tic-tac-toe-state,,2,False
809,preimage-size-of-factorial-zeroes-function,,3,False
808,number-of-matching-subsequences,,2,False
807,custom-sort-string,,2,False
806,domino-and-tromino-tiling,,2,False
805,escape-the-ghosts,,2,False
804,rotated-digits,,1,False
803,cheapest-flights-within-k-stops,,2,False
802,k-th-smallest-prime-fraction,,3,False
801,is-graph-bipartite,,2,False
800,letter-case-permutation,,1,False
799,minimum-distance-between-bst-nodes,,1,False
798,transform-to-chessboard,,3,False
797,rabbits-in-forest,,2,False
796,reaching-points,,3,False
795,k-th-symbol-in-grammar,,2,False
794,swim-in-rising-water,,3,False
793,swap-adjacent-in-lr-string,,2,False
792,binary-search,,1,False
791,split-bst,,2,True
790,global-and-local-inversions,,2,False
789,kth-largest-element-in-a-stream,ac,1,False
788,minimize-max-distance-to-gas-station,,3,True
787,sliding-puzzle,,3,False
786,search-in-a-sorted-array-of-unknown-size,,2,True
785,basic-calculator-iii,,3,True
784,insert-into-a-binary-search-tree,ac,2,False
783,search-in-a-binary-search-tree,,1,False
782,jewels-and-stones,,1,False
781,basic-calculator-iv,,3,False
780,max-chunks-to-make-sorted,,2,False
779,max-chunks-to-make-sorted-ii,,3,False
778,reorganize-string,,2,False
777,toeplitz-matrix,,1,False
776,n-ary-tree-postorder-traversal,,1,False
775,n-ary-tree-preorder-traversal,,1,False
774,maximum-depth-of-n-ary-tree,,1,False
773,logical-or-of-two-binary-grids-represented-as-quad-trees,,2,False
772,construct-quad-tree,,2,False
771,encode-n-ary-tree-to-binary-tree,,3,True
770,couples-holding-hands,,3,False
769,largest-plus-sign,,2,False
768,partition-labels,,2,False
767,prime-number-of-set-bits-in-binary-representation,,1,False
766,flatten-a-multilevel-doubly-linked-list,,2,False
765,serialize-and-deserialize-n-ary-tree,,3,True
764,n-ary-tree-level-order-traversal,,2,False
763,special-binary-string,,3,False
762,find-anagram-mappings,,1,True
761,employee-free-time,,3,True
760,bold-words-in-string,,1,True
759,set-intersection-size-at-least-two,,3,False
758,convert-binary-search-tree-to-sorted-doubly-linked-list,,2,True
757,pyramid-transition-matrix,,2,False
756,pour-water,,2,True
755,reach-a-number,,2,False
754,cracking-the-safe,,3,False
753,open-the-lock,,2,False
752,ip-to-cidr,,1,True
751,number-of-corner-rectangles,,2,True
750,contain-virus,,3,False
749,shortest-completing-word,,1,False
748,largest-number-at-least-twice-of-others,,1,False
747,min-cost-climbing-stairs,,1,False
746,prefix-and-suffix-search,,3,False
745,find-smallest-letter-greater-than-target,,1,False
744,network-delay-time,ac,2,False
743,closest-leaf-in-a-binary-tree,,2,True
742,to-lower-case,,1,False
741,cherry-pickup,,3,False
740,delete-and-earn,,2,False
739,daily-temperatures,ac,2,False
738,monotone-increasing-digits,,2,False
737,sentence-similarity-ii,,2,True
736,parse-lisp-expression,,3,False
735,asteroid-collision,,2,False
734,sentence-similarity,,1,True
733,flood-fill,,1,False
732,my-calendar-iii,,3,False
731,my-calendar-ii,,2,False
730,count-different-palindromic-subsequences,,3,False
729,my-calendar-i,,2,False
728,self-dividing-numbers,,1,False
727,minimum-window-subsequence,,3,True
726,number-of-atoms,,3,False
725,split-linked-list-in-parts,,2,False
724,find-pivot-index,,1,False
723,candy-crush,,2,True
722,remove-comments,,2,False
721,accounts-merge,,2,False
720,longest-word-in-dictionary,,1,False
719,find-k-th-smallest-pair-distance,,3,False
718,maximum-length-of-repeated-subarray,,2,False
717,1-bit-and-2-bit-characters,,1,False
716,max-stack,,1,True
715,range-module,,3,False
714,best-time-to-buy-and-sell-stock-with-transaction-fee,,2,False
713,subarray-product-less-than-k,,2,False
712,minimum-ascii-delete-sum-for-two-strings,,2,False
711,number-of-distinct-islands-ii,,3,True
699,falling-squares,,3,False
698,partition-to-k-equal-sum-subsets,,2,False
697,degree-of-an-array,,1,False
696,count-binary-substrings,,1,False
695,max-area-of-island,,2,False
694,number-of-distinct-islands,,2,True
693,binary-number-with-alternating-bits,,1,False
692,top-k-frequent-words,,2,False
691,stickers-to-spell-word,,3,False
690,employee-importance,,1,False
689,maximum-sum-of-3-non-overlapping-subarrays,,3,False
688,knight-probability-in-chessboard,,2,False
687,longest-univalue-path,,1,False
686,repeated-string-match,,1,False
685,redundant-connection-ii,,3,False
684,redundant-connection,,2,False
683,k-empty-slots,,3,True
682,baseball-game,,1,False
681,next-closest-time,,2,True
680,valid-palindrome-ii,,1,False
679,24-game,,3,False
678,valid-parenthesis-string,,2,False
677,map-sum-pairs,,2,False
676,implement-magic-dictionary,,2,False
675,cut-off-trees-for-golf-event,,3,False
674,longest-continuous-increasing-subsequence,,1,False
673,number-of-longest-increasing-subsequence,,2,False
672,bulb-switcher-ii,,2,False
671,second-minimum-node-in-a-binary-tree,,1,False
670,maximum-swap,,2,False
669,trim-a-binary-search-tree,ac,1,False
668,kth-smallest-number-in-multiplication-table,,3,False
667,beautiful-arrangement-ii,,2,False
666,path-sum-iv,,2,True
665,non-decreasing-array,,1,False
664,strange-printer,,3,False
663,equal-tree-partition,,2,True
662,maximum-width-of-binary-tree,,2,False
661,image-smoother,,1,False
660,remove-9,,3,True
659,split-array-into-consecutive-subsequences,,2,False
658,find-k-closest-elements,,2,False
657,robot-return-to-origin,,1,False
656,coin-path,,3,True
655,print-binary-tree,,2,False
654,maximum-binary-tree,,2,False
653,two-sum-iv-input-is-a-bst,,1,False
652,find-duplicate-subtrees,,2,False
651,4-keys-keyboard,,2,True
650,2-keys-keyboard,,2,False
649,dota2-senate,,2,False
648,replace-words,,2,False
647,palindromic-substrings,,2,False
646,maximum-length-of-pair-chain,,2,False
645,set-mismatch,,1,False
644,maximum-average-subarray-ii,,3,True
643,maximum-average-subarray-i,,1,False
642,design-search-autocomplete-system,,3,True
640,solve-the-equation,,2,False
639,decode-ways-ii,,3,False
638,shopping-offers,,2,False
637,average-of-levels-in-binary-tree,,1,False
636,exclusive-time-of-functions,,2,False
635,design-log-storage-system,,2,True
634,find-the-derangement-of-an-array,,2,True
633,sum-of-square-numbers,,1,False
632,smallest-range-covering-elements-from-k-lists,,3,False
631,design-excel-sum-formula,,3,True
630,course-schedule-iii,,3,False
629,k-inverse-pairs-array,,3,False
628,maximum-product-of-three-numbers,,1,False
627,swap-salary,,1,False
626,exchange-seats,,2,False
625,minimum-factorization,,2,True
624,maximum-distance-in-arrays,,1,True
623,add-one-row-to-tree,,2,False
621,task-scheduler,,2,False
620,not-boring-movies,,1,False
619,biggest-single-number,,1,True
618,students-report-by-geography,,3,True
617,merge-two-binary-trees,ac,1,False
616,add-bold-tag-in-string,,2,True
615,average-salary-departments-vs-company,,3,True
614,second-degree-follower,,2,True
613,shortest-distance-in-a-line,,1,True
612,shortest-distance-in-a-plane,,2,True
611,valid-triangle-number,,2,False
610,triangle-judgement,,1,True
609,find-duplicate-file-in-system,ac,2,False
608,tree-node,,2,True
607,sales-person,,1,True
606,construct-string-from-binary-tree,,1,False
605,can-place-flowers,,1,False
604,design-compressed-string-iterator,,1,True
603,consecutive-available-seats,,1,True
602,friend-requests-ii-who-has-the-most-friends,,2,True
601,human-traffic-of-stadium,,3,False
600,non-negative-integers-without-consecutive-ones,,3,False
599,minimum-index-sum-of-two-lists,,1,False
598,range-addition-ii,,1,False
597,friend-requests-i-overall-acceptance-rate,,1,True
596,classes-more-than-5-students,,1,False
595,big-countries,,1,False
594,longest-harmonious-subsequence,,1,False
593,valid-square,,2,False
592,fraction-addition-and-subtraction,,2,False
591,tag-validator,,3,False
588,design-in-memory-file-system,,3,True
587,erect-the-fence,,3,False
586,customer-placing-the-largest-number-of-orders,,1,True
585,investments-in-2016,,2,True
584,find-customer-referee,,1,True
583,delete-operation-for-two-strings,,2,False
582,kill-process,,2,True
581,shortest-unsorted-continuous-subarray,,1,False
580,count-student-number-in-departments,,2,True
579,find-cumulative-salary-of-an-employee,,3,True
578,get-highest-answer-rate-question,,2,True
577,employee-bonus,,1,True
576,out-of-boundary-paths,,2,False
575,distribute-candies,,1,False
574,winning-candidate,,2,True
573,squirrel-simulation,,2,True
572,subtree-of-another-tree,,1,False
571,find-median-given-frequency-of-numbers,,3,True
570,managers-with-at-least-5-direct-reports,,2,True
569,median-employee-salary,,3,True
568,maximum-vacation-days,,3,True
567,permutation-in-string,,2,False
566,reshape-the-matrix,,1,False
565,array-nesting,,2,False
564,find-the-closest-palindrome,,3,False
563,binary-tree-tilt,,1,False
562,longest-line-of-consecutive-one-in-matrix,,2,True
561,array-partition-i,,1,False
560,subarray-sum-equals-k,,2,False
557,reverse-words-in-a-string-iii,,1,False
556,next-greater-element-iii,,2,False
555,split-concatenated-strings,,2,True
554,brick-wall,,2,False
553,optimal-division,,2,False
552,student-attendance-record-ii,,3,False
551,student-attendance-record-i,,1,False
549,binary-tree-longest-consecutive-sequence-ii,,2,True
548,split-array-with-equal-sum,,2,True
547,friend-circles,,2,False
546,remove-boxes,,3,False
545,boundary-of-binary-tree,,2,True
544,output-contest-matches,,2,True
543,diameter-of-binary-tree,,1,False
542,01-matrix,,2,False
541,reverse-string-ii,,1,False
540,single-element-in-a-sorted-array,,2,False
539,minimum-time-difference,,2,False
538,convert-bst-to-greater-tree,,1,False
537,complex-number-multiplication,,2,False
536,construct-binary-tree-from-string,,2,True
535,encode-and-decode-tinyurl,,2,False
533,lonely-pixel-ii,,2,True
532,k-diff-pairs-in-an-array,,1,False
531,lonely-pixel-i,,2,True
530,minimum-absolute-difference-in-bst,,1,False
529,minesweeper,,2,False
527,word-abbreviation,,3,True
526,beautiful-arrangement,,2,False
525,contiguous-array,,2,False
524,longest-word-in-dictionary-through-deleting,,2,False
523,continuous-subarray-sum,,2,False
522,longest-uncommon-subsequence-ii,,2,False
521,longest-uncommon-subsequence-i,,1,False
520,detect-capital,,1,False
518,coin-change-2,ac,2,False
517,super-washing-machines,,3,False
516,longest-palindromic-subsequence,,2,False
515,find-largest-value-in-each-tree-row,,2,False
514,freedom-trail,,3,False
513,find-bottom-left-tree-value,,2,False
511,all-paths-from-source-lead-to-destination,ac,2,True
509,inorder-successor-in-bst-ii,,2,True
508,most-frequent-subtree-sum,,2,False
507,perfect-number,,1,False
506,relative-ranks,,1,False
505,the-maze-ii,,2,True
504,base-7,,1,False
503,next-greater-element-ii,,2,False
502,ipo,,3,False
501,find-mode-in-binary-search-tree,,1,False
500,keyboard-row,,1,False
499,the-maze-iii,,3,True
498,diagonal-traverse,,2,False
496,next-greater-element-i,,1,False
495,teemo-attacking,,2,False
494,target-sum,,2,False
493,reverse-pairs,,3,False
492,construct-the-rectangle,,1,False
491,increasing-subsequences,,2,False
490,the-maze,,2,True
488,zuma-game,,3,False
487,max-consecutive-ones-ii,,2,True
486,predict-the-winner,,2,False
485,max-consecutive-ones,,1,False
484,find-permutation,,2,True
483,smallest-good-base,,3,False
482,license-key-formatting,,1,False
481,magical-string,,2,False
480,sliding-window-median,,3,False
479,largest-palindrome-product,,3,False
477,total-hamming-distance,,2,False
476,number-complement,,1,False
475,heaters,,1,False
474,ones-and-zeroes,,2,False
473,matchsticks-to-square,,2,False
472,concatenated-words,,3,False
471,encode-string-with-shortest-length,,3,True
469,convex-polygon,,2,True
468,validate-ip-address,ac,2,False
467,unique-substrings-in-wraparound-string,,2,False
466,count-the-repetitions,,3,False
465,optimal-account-balancing,,3,True
464,can-i-win,,2,False
463,island-perimeter,,1,False
462,minimum-moves-to-equal-array-elements-ii,,2,False
461,hamming-distance,,1,False
460,lfu-cache,,3,False
459,repeated-substring-pattern,,1,False
458,poor-pigs,ac,3,False
457,circular-array-loop,,2,False
456,132-pattern,,2,False
455,assign-cookies,,1,False
454,4sum-ii,,2,False
453,minimum-moves-to-equal-array-elements,,1,False
452,minimum-number-of-arrows-to-burst-balloons,ac,2,False
451,sort-characters-by-frequency,,2,False
450,delete-node-in-a-bst,,2,False
449,serialize-and-deserialize-bst,,2,False
448,find-all-numbers-disappeared-in-an-array,,1,False
447,number-of-boomerangs,,1,False
446,arithmetic-slices-ii-subsequence,,3,False
445,add-two-numbers-ii,,2,False
444,sequence-reconstruction,,2,True
443,string-compression,,1,False
442,find-all-duplicates-in-an-array,,2,False
441,arranging-coins,,1,False
440,k-th-smallest-in-lexicographical-order,,3,False
439,ternary-expression-parser,,2,True
438,find-all-anagrams-in-a-string,,2,False
437,path-sum-iii,,1,False
436,find-right-interval,,2,False
435,non-overlapping-intervals,,2,False
434,number-of-segments-in-a-string,,1,False
433,minimum-genetic-mutation,,2,False
432,all-oone-data-structure,,3,False
425,word-squares,,3,True
424,longest-repeating-character-replacement,,2,False
423,reconstruct-original-digits-from-english,,2,False
422,valid-word-square,,1,True
421,maximum-xor-of-two-numbers-in-an-array,,2,False
420,strong-password-checker,,3,False
419,battleships-in-a-board,,2,False
418,sentence-screen-fitting,,2,True
417,pacific-atlantic-water-flow,,2,False
416,partition-equal-subset-sum,,2,False
415,add-strings,,1,False
414,third-maximum-number,,1,False
413,arithmetic-slices,,2,False
412,fizz-buzz,,1,False
411,minimum-unique-word-abbreviation,,3,True
410,split-array-largest-sum,,3,False
409,longest-palindrome,,1,False
408,valid-word-abbreviation,,1,True
407,trapping-rain-water-ii,,3,False
406,queue-reconstruction-by-height,,2,False
405,convert-a-number-to-hexadecimal,,1,False
404,sum-of-left-leaves,,1,False
403,frog-jump,,3,False
402,remove-k-digits,,2,False
401,binary-watch,,1,False
400,nth-digit,,2,False
399,evaluate-division,,2,False
398,random-pick-index,,2,False
397,integer-replacement,,2,False
396,rotate-function,,2,False
395,longest-substring-with-at-least-k-repeating-characters,,2,False
394,decode-string,,2,False
393,utf-8-validation,,2,False
392,is-subsequence,,1,False
391,perfect-rectangle,,3,False
390,elimination-game,,2,False
389,find-the-difference,,1,False
388,longest-absolute-file-path,,2,False
387,first-unique-character-in-a-string,,1,False
386,lexicographical-numbers,,2,False
385,mini-parser,,2,False
384,shuffle-an-array,,2,False
383,ransom-note,,1,False
382,linked-list-random-node,,2,False
381,insert-delete-getrandom-o1-duplicates-allowed,,3,False
380,insert-delete-getrandom-o1,,2,False
379,design-phone-directory,,2,True
378,kth-smallest-element-in-a-sorted-matrix,,2,False
377,combination-sum-iv,,2,False
376,wiggle-subsequence,,2,False
375,guess-number-higher-or-lower-ii,,2,False
374,guess-number-higher-or-lower,,1,False
373,find-k-pairs-with-smallest-sums,,2,False
372,super-pow,,2,False
371,sum-of-two-integers,,1,False
370,range-addition,,2,True
369,plus-one-linked-list,,2,True
368,largest-divisible-subset,,2,False
367,valid-perfect-square,,1,False
366,find-leaves-of-binary-tree,,2,True
365,water-and-jug-problem,ac,2,False
364,nested-list-weight-sum-ii,,2,True
363,max-sum-of-rectangle-no-larger-than-k,,3,False
362,design-hit-counter,,2,True
361,bomb-enemy,,2,True
360,sort-transformed-array,,2,True
359,logger-rate-limiter,,1,True
358,rearrange-string-k-distance-apart,,3,True
357,count-numbers-with-unique-digits,,2,False
356,line-reflection,,2,True
355,design-twitter,,2,False
354,russian-doll-envelopes,,3,False
353,design-snake-game,,2,True
352,data-stream-as-disjoint-intervals,,3,False
351,android-unlock-patterns,,2,True
350,intersection-of-two-arrays-ii,,1,False
349,intersection-of-two-arrays,,1,False
348,design-tic-tac-toe,,2,True
347,top-k-frequent-elements,,2,False
346,moving-average-from-data-stream,,1,True
345,reverse-vowels-of-a-string,,1,False
344,reverse-string,,1,False
343,integer-break,,2,False
342,power-of-four,,1,False
341,flatten-nested-list-iterator,,2,False
340,longest-substring-with-at-most-k-distinct-characters,,3,True
339,nested-list-weight-sum,,1,True
338,counting-bits,,2,False
337,house-robber-iii,,2,False
336,palindrome-pairs,,3,False
335,self-crossing,,3,False
334,increasing-triplet-subsequence,,2,False
333,largest-bst-subtree,,2,True
332,reconstruct-itinerary,,2,False
331,verify-preorder-serialization-of-a-binary-tree,,2,False
330,patching-array,,3,False
329,longest-increasing-path-in-a-matrix,,3,False
328,odd-even-linked-list,,2,False
327,count-of-range-sum,,3,False
326,power-of-three,,1,False
325,maximum-size-subarray-sum-equals-k,,2,True
324,wiggle-sort-ii,,2,False
323,number-of-connected-components-in-an-undirected-graph,,2,True
322,coin-change,ac,2,False
321,create-maximum-number,,3,False
320,generalized-abbreviation,,2,True
319,bulb-switcher,,2,False
318,maximum-product-of-word-lengths,,2,False
317,shortest-distance-from-all-buildings,,3,True
316,remove-duplicate-letters,,3,False
315,count-of-smaller-numbers-after-self,,3,False
314,binary-tree-vertical-order-traversal,,2,True
313,super-ugly-number,,2,False
312,burst-balloons,,3,False
311,sparse-matrix-multiplication,,2,True
310,minimum-height-trees,,2,False
309,best-time-to-buy-and-sell-stock-with-cooldown,,2,False
308,range-sum-query-2d-mutable,,3,True
307,range-sum-query-mutable,,2,False
306,additive-number,,2,False
305,number-of-islands-ii,,3,True
304,range-sum-query-2d-immutable,,2,False
303,range-sum-query-immutable,,1,False
302,smallest-rectangle-enclosing-black-pixels,,3,True
301,remove-invalid-parentheses,,3,False
300,longest-increasing-subsequence,,2,False
299,bulls-and-cows,,1,False
298,binary-tree-longest-consecutive-sequence,,2,True
297,serialize-and-deserialize-binary-tree,ac,3,False
296,best-meeting-point,,3,True
295,find-median-from-data-stream,,3,False
294,flip-game-ii,,2,True
293,flip-game,,1,True
292,nim-game,,1,False
291,word-pattern-ii,,3,True
290,word-pattern,,1,False
289,game-of-life,,2,False
288,unique-word-abbreviation,,2,True
287,find-the-duplicate-number,,2,False
286,walls-and-gates,,2,True
285,inorder-successor-in-bst,,2,True
284,peeking-iterator,,2,False
283,move-zeroes,,1,False
282,expression-add-operators,,3,False
281,zigzag-iterator,,2,True
280,wiggle-sort,,2,True
279,perfect-squares,ac,2,False
278,first-bad-version,,1,False
277,find-the-celebrity,,2,True
276,paint-fence,,1,True
275,h-index-ii,,2,False
274,h-index,,2,False
273,integer-to-english-words,,3,False
272,closest-binary-search-tree-value-ii,,3,True
271,encode-and-decode-strings,,2,True
270,closest-binary-search-tree-value,,1,True
269,alien-dictionary,,3,True
268,missing-number,,1,False
267,palindrome-permutation-ii,,2,True
266,palindrome-permutation,,1,True
265,paint-house-ii,,3,True
264,ugly-number-ii,,2,False
263,ugly-number,,1,False
262,trips-and-users,,3,False
261,graph-valid-tree,,2,True
260,single-number-iii,,2,False
259,3sum-smaller,,2,True
258,add-digits,,1,False
257,binary-tree-paths,,1,False
256,paint-house,,1,True
255,verify-preorder-sequence-in-binary-search-tree,,2,True
254,factor-combinations,,2,True
253,meeting-rooms-ii,,2,True
252,meeting-rooms,,1,True
251,flatten-2d-vector,,2,True
250,count-univalue-subtrees,,2,True
249,group-shifted-strings,,2,True
248,strobogrammatic-number-iii,,3,True
247,strobogrammatic-number-ii,,2,True
246,strobogrammatic-number,,1,True
245,shortest-word-distance-iii,,2,True
244,shortest-word-distance-ii,,2,True
243,shortest-word-distance,,1,True
242,valid-anagram,ac,1,False
241,different-ways-to-add-parentheses,,2,False
240,search-a-2d-matrix-ii,,2,False
239,sliding-window-maximum,,3,False
238,product-of-array-except-self,,2,False
237,delete-node-in-a-linked-list,,1,False
236,lowest-common-ancestor-of-a-binary-tree,ac,2,False
235,lowest-common-ancestor-of-a-binary-search-tree,,1,False
234,palindrome-linked-list,,1,False
233,number-of-digit-one,,3,False
232,implement-queue-using-stacks,ac,1,False
231,power-of-two,,1,False
230,kth-smallest-element-in-a-bst,,2,False
229,majority-element-ii,,2,False
228,summary-ranges,,2,False
227,basic-calculator-ii,,2,False
226,invert-binary-tree,ac,1,False
225,implement-stack-using-queues,,1,False
224,basic-calculator,,3,False
223,rectangle-area,,2,False
222,count-complete-tree-nodes,,2,False
221,maximal-square,,2,False
220,contains-duplicate-iii,,2,False
219,contains-duplicate-ii,,1,False
218,the-skyline-problem,,3,False
217,contains-duplicate,,1,False
216,combination-sum-iii,,2,False
215,kth-largest-element-in-an-array,,2,False
214,shortest-palindrome,,3,False
213,house-robber-ii,,2,False
212,word-search-ii,,3,False
211,add-and-search-word-data-structure-design,,2,False
210,course-schedule-ii,,2,False
209,minimum-size-subarray-sum,,2,False
208,implement-trie-prefix-tree,,2,False
207,course-schedule,,2,False
206,reverse-linked-list,,1,False
205,isomorphic-strings,,1,False
204,count-primes,,1,False
203,remove-linked-list-elements,,1,False
202,happy-number,,1,False
201,bitwise-and-of-numbers-range,,2,False
200,number-of-islands,ac,2,False
199,binary-tree-right-side-view,,2,False
198,house-robber,,1,False
197,rising-temperature,,1,False
196,delete-duplicate-emails,,1,False
195,tenth-line,,1,False
194,transpose-file,,2,False
193,valid-phone-numbers,,1,False
192,word-frequency,,2,False
191,number-of-1-bits,,1,False
190,reverse-bits,,1,False
189,rotate-array,,1,False
188,best-time-to-buy-and-sell-stock-iv,,3,False
187,repeated-dna-sequences,,2,False
186,reverse-words-in-a-string-ii,,2,True
185,department-top-three-salaries,,3,False
184,department-highest-salary,,2,False
183,customers-who-never-order,,1,False
182,duplicate-emails,,1,False
181,employees-earning-more-than-their-managers,,1,False
180,consecutive-numbers,,2,False
179,largest-number,,2,False
178,rank-scores,,2,False
177,nth-highest-salary,,2,False
176,second-highest-salary,,1,False
175,combine-two-tables,,1,False
174,dungeon-game,,3,False
173,binary-search-tree-iterator,,2,False
172,factorial-trailing-zeroes,,1,False
171,excel-sheet-column-number,,1,False
170,two-sum-iii-data-structure-design,,1,True
169,majority-element,,1,False
168,excel-sheet-column-title,,1,False
167,two-sum-ii-input-array-is-sorted,,1,False
166,fraction-to-recurring-decimal,,2,False
165,compare-version-numbers,,2,False
164,maximum-gap,,3,False
163,missing-ranges,,2,True
162,find-peak-element,,2,False
161,one-edit-distance,,2,True
160,intersection-of-two-linked-lists,,1,False
159,longest-substring-with-at-most-two-distinct-characters,,2,True
158,read-n-characters-given-read4-ii-call-multiple-times,,3,True
157,read-n-characters-given-read4,,1,True
156,binary-tree-upside-down,,2,True
155,min-stack,ac,1,False
154,find-minimum-in-rotated-sorted-array-ii,,3,False
153,find-minimum-in-rotated-sorted-array,ac,2,False
152,maximum-product-subarray,,2,False
151,reverse-words-in-a-string,,2,False
150,evaluate-reverse-polish-notation,,2,False
149,max-points-on-a-line,,3,False
148,sort-list,,2,False
147,insertion-sort-list,ac,2,False
146,lru-cache,,2,False
145,binary-tree-postorder-traversal,,3,False
144,binary-tree-preorder-traversal,ac,2,False
143,reorder-list,ac,2,False
142,linked-list-cycle-ii,,2,False
141,linked-list-cycle,ac,1,False
140,word-break-ii,,3,False
139,word-break,,2,False
138,copy-list-with-random-pointer,,2,False
137,single-number-ii,,2,False
136,single-number,,1,False
135,candy,,3,False
134,gas-station,,2,False
133,clone-graph,,2,False
132,palindrome-partitioning-ii,,3,False
131,palindrome-partitioning,,2,False
130,surrounded-regions,,2,False
129,sum-root-to-leaf-numbers,,2,False
128,longest-consecutive-sequence,,3,False
127,word-ladder,,2,False
126,word-ladder-ii,,3,False
125,valid-palindrome,,1,False
124,binary-tree-maximum-path-sum,,3,False
123,best-time-to-buy-and-sell-stock-iii,,3,False
122,best-time-to-buy-and-sell-stock-ii,ac,1,False
121,best-time-to-buy-and-sell-stock,ac,1,False
120,triangle,,2,False
119,pascals-triangle-ii,,1,False
118,pascals-triangle,,1,False
117,populating-next-right-pointers-in-each-node-ii,,2,False
116,populating-next-right-pointers-in-each-node,,2,False
115,distinct-subsequences,,3,False
114,flatten-binary-tree-to-linked-list,,2,False
113,path-sum-ii,,2,False
112,path-sum,,1,False
111,minimum-depth-of-binary-tree,,1,False
110,balanced-binary-tree,,1,False
109,convert-sorted-list-to-binary-search-tree,ac,2,False
108,convert-sorted-array-to-binary-search-tree,,1,False
107,binary-tree-level-order-traversal-ii,,1,False
106,construct-binary-tree-from-inorder-and-postorder-traversal,,2,False
105,construct-binary-tree-from-preorder-and-inorder-traversal,,2,False
104,maximum-depth-of-binary-tree,,1,False
103,binary-tree-zigzag-level-order-traversal,,2,False
102,binary-tree-level-order-traversal,,2,False
101,symmetric-tree,,1,False
100,same-tree,,1,False
99,recover-binary-search-tree,,3,False
98,validate-binary-search-tree,ac,2,False
97,interleaving-string,,3,False
96,unique-binary-search-trees,,2,False
95,unique-binary-search-trees-ii,,2,False
94,binary-tree-inorder-traversal,ac,2,False
93,restore-ip-addresses,,2,False
92,reverse-linked-list-ii,,2,False
91,decode-ways,ac,2,False
90,subsets-ii,,2,False
89,gray-code,,2,False
88,merge-sorted-array,,1,False
87,scramble-string,,3,False
86,partition-list,,2,False
85,maximal-rectangle,,3,False
84,largest-rectangle-in-histogram,,3,False
83,remove-duplicates-from-sorted-list,,1,False
82,remove-duplicates-from-sorted-list-ii,,2,False
81,search-in-rotated-sorted-array-ii,,2,False
80,remove-duplicates-from-sorted-array-ii,,2,False
79,word-search,,2,False
78,subsets,,2,False
77,combinations,,2,False
76,minimum-window-substring,,3,False
75,sort-colors,,2,False
74,search-a-2d-matrix,,2,False
73,set-matrix-zeroes,,2,False
72,edit-distance,,3,False
71,simplify-path,,2,False
70,climbing-stairs,,1,False
69,sqrtx,,1,False
68,text-justification,,3,False
67,add-binary,,1,False
66,plus-one,,1,False
65,valid-number,,3,False
64,minimum-path-sum,,2,False
63,unique-paths-ii,,2,False
62,unique-paths,,2,False
61,rotate-list,ac,2,False
60,permutation-sequence,,2,False
59,spiral-matrix-ii,,2,False
58,length-of-last-word,,1,False
57,insert-interval,,3,False
56,merge-intervals,ac,2,False
55,jump-game,,2,False
54,spiral-matrix,,2,False
53,maximum-subarray,ac,1,False
52,n-queens-ii,,3,False
51,n-queens,,3,False
50,powx-n,,2,False
49,group-anagrams,ac,2,False
48,rotate-image,,2,False
47,permutations-ii,,2,False
46,permutations,,2,False
45,jump-game-ii,,3,False
44,wildcard-matching,,3,False
43,multiply-strings,,2,False
42,trapping-rain-water,ac,3,False
41,first-missing-positive,,3,False
40,combination-sum-ii,,2,False
39,combination-sum,,2,False
38,count-and-say,,1,False
37,sudoku-solver,,3,False
36,valid-sudoku,,2,False
35,search-insert-position,,1,False
34,find-first-and-last-position-of-element-in-sorted-array,,2,False
33,search-in-rotated-sorted-array,,2,False
32,longest-valid-parentheses,,3,False
31,next-permutation,,2,False
30,substring-with-concatenation-of-all-words,,3,False
29,divide-two-integers,,2,False
28,implement-strstr,,1,False
27,remove-element,,1,False
26,remove-duplicates-from-sorted-array,,1,False
25,reverse-nodes-in-k-group,,3,False
24,swap-nodes-in-pairs,,2,False
23,merge-k-sorted-lists,ac,3,False
22,generate-parentheses,,2,False
21,merge-two-sorted-lists,ac,1,False
20,valid-parentheses,ac,1,False
19,remove-nth-node-from-end-of-list,,2,False
18,4sum,,2,False
17,letter-combinations-of-a-phone-number,,2,False
16,3sum-closest,,2,False
15,3sum,,2,False
14,longest-common-prefix,,1,False
13,roman-to-integer,,1,False
12,integer-to-roman,,2,False
11,container-with-most-water,,2,False
10,regular-expression-matching,,3,False
9,palindrome-number,,1,False
8,string-to-integer-atoi,ac,2,False
7,reverse-integer,ac,1,False
6,zigzag-conversion,,2,False
5,longest-palindromic-substring,,2,False
4,median-of-two-sorted-arrays,,3,False
3,longest-substring-without-repeating-characters,,2,False
2,add-two-numbers,,2,False
1,two-sum,ac,1,False
